id,comment,chars,relevance,risk_behaviors,primary_risk,risk_verbatim,relation,cancer_type,health_seeking,outcome,note,conf_overall,flags
c0001,เป็นเบาหวาน แล้วควบคุมค่าน้ำตาล ไม่ใด้,38,risk_opinion,chronic_condition,chronic_condition,เป็นเบาหวาน | ควบคุมค่าน้ำตาล ไม่ใด้,general,not_stated,none_mentioned,not_stated,ระบุว่าการเป็นโรคเบาหวานและไม่สามารถควบคุมระดับน้ำตาลได้เป็นปัจจัยเสี่ยงของการเกิดมะเร็ง,0.88,
c0003,ของแม่เราคือ เครียด เครียดสุดๆ เครียดแม้แต่เรื่องเล็กน้อย กินกาแฟหวานๆปาท่องโก๋ทอดเป็นอาหารเช้าทุกวัน ย้ำ ทุกวัน,112,personal_story,stress|sugary_drinks|fried_fatty,stress,เครียด เครียดสุดๆ เครียดแม้แต่เรื่องเล็กน้อย | กินกาแฟหวานๆ | ปาท่องโก๋ทอด,family,unspecified,none_mentioned,not_stated,ผู้แสดงความเห็นเล่าถึงพฤติกรรมเสี่ยงของแม่ คือมีความเครียดสูงมากในทุกเรื่อง และชอบดื่มกาแฟหวานคู่กับปาท่องโก๋ทอดเป็นอาหารเช้าทุกวัน,0.9,
c0004,แม่เราชอบกิน ปลาย่าง เลยจุดเตาย่างปลา เกือบทุกวัน เป็นมะเร็งปอดเลยค่า,69,personal_story,grilled_charred|smoke_fumes_home,grilled_charred,กิน ปลาย่าง | จุดเตาย่างปลา เกือบทุกวัน,family,lung,none_mentioned,not_stated,แม่ของผู้แสดงความคิดเห็นชอบรับประทานปลาย่างและจุดเตาย่างปลาเกือบทุกวัน ต่อมาป่วยเป็นมะเร็งปอด,0.92,
c0005,ป๊าเป็นมะเร็งลำไส้ค่ะ เครียด นอนพักผ่อนน้อย กินอาหารแปรรูปค่ะ (แกเสียไปตอนปี 62 ค่ะ),84,personal_story,stress|poor_sleep|processed_meat,stress,เครียด | นอนพักผ่อนน้อย | กินอาหารแปรรูป,family,colorectal,none_mentioned,died,คุณพ่อของผู้แสดงความคิดเห็นเป็นมะเร็งลำไส้และเสียชีวิตแล้ว มีพฤติกรรมเครียด นอนพักผ่อนน้อย และกินอาหารแปรรูป,0.95,
c0006,,219,personal_story,smoke_fumes_home,smoke_fumes_home,จุดธูปทุกวัน,family,lung,palliative_hospice,died,ย่าของผู้แสดงความเห็นสวดมนต์และจุดธูปทุกวัน ป่วยเป็นมะเร็งปอดระยะสุดท้ายและได้รับการรักษาแบบประคับประคองก่อนจะเสียชีวิต,0.95,
c0007,รักสุขภาพมากๆแต่ปฏิเสธไม่ได้ว่ารอบตัวเรามีสารเคมีเยอะมากจริงๆค่ะ,64,risk_opinion,chemicals,chemicals,สารเคมี,general,not_stated,none_mentioned,not_stated,ผู้แสดงความคิดเห็นระบุว่าแม้จะดูแลสุขภาพ แต่รอบตัวยังมีสารเคมีอยู่เป็นจำนวนมาก,0.85,
c0008,เครียดคะ ลูกสาวเป็นมะเร็ง เราเครียดมาก แต่เขาเสียไปแล้ว ละเราก็เป็นระหว่างรักษาลูกสาว เป็นทั้งแม่และลูก,103,personal_story,stress,stress,เครียด | เราเครียดมาก,self,unspecified,none_mentioned,died,ผู้แสดงความคิดเห็นระบุว่าความเครียดเป็นสาเหตุ โดยลูกสาวเป็นมะเร็งและเสียชีวิตแล้ว และตนเองก็ตรวจพบว่าเป็นมะเร็งเช่นกันระหว่างดูแลรักษาลูกสาว,0.9,
c0009,เครียด น้อยดึก กินไส้กรอก ปิ้งย่าง ขับถ่ายไม่เป็นเวลา ชอบของหมักดองค่ะ,70,risk_opinion,stress|poor_sleep|processed_meat|grilled_charred|irregular_bowel|fermented_pickled,stress,เครียด | น้อยดึก | กินไส้กรอก | ปิ้งย่าง | ขับถ่ายไม่เป็นเวลา | ชอบของหมักดอง,general,not_stated,none_mentioned,not_stated,ระบุพฤติกรรมเสี่ยง ได้แก่ ความเครียด นอนดึก กินไส้กรอก ปิ้งย่าง ขับถ่ายไม่เป็นเวลา และชอบกินของหมักดอง,0.9,
c0010,ไม่ดูแลตัวเองไม่ออกกำลังกายกินของไม่มีประโยชน์นอนไม่หลับค่ะ,59,risk_opinion,no_exercise|unhealthy_diet_general|poor_sleep,no_exercise,ไม่ดูแลตัวเอง | ไม่ออกกำลังกาย | กินของไม่มีประโยชน์ | นอนไม่หลับ,general,not_stated,none_mentioned,not_stated,ผู้แสดงความคิดเห็นระบุว่าพฤติกรรมเสี่ยงได้แก่ การไม่ดูแลตัวเอง ไม่ออกกำลังกาย รับประทานอาหารที่ไม่มีประโยชน์ และนอนไม่หลับ,0.9,
c0011,เครียด,6,risk_opinion,stress,stress,เครียด,general,not_stated,none_mentioned,not_stated,ผู้แสดงความเห็นระบุว่าความเครียดเป็นปัจจัยเสี่ยง,0.85,
c0012,ท้องผูกกินรสจัดเป๊บซี่เครียดนอนไม่หลับ,38,risk_opinion,irregular_bowel|strong_flavour|sugary_drinks|stress|poor_sleep,irregular_bowel,ท้องผูก | กินรสจัด | เป๊บซี่ | เครียด | นอนไม่หลับ,general,not_stated,none_mentioned,not_stated,ผู้แสดงความคิดเห็นระบุพฤติกรรมเสี่ยงได้แก่ ท้องผูก รับประทานอาหารรสจัด ดื่มเป๊บซี่ มีความเครียด และนอนไม่หลับ,0.9,
c0013,,361,personal_story,reheated_leftover|alcohol|recreational_drugs|smoking,reheated_leftover,อุ่นกับข้าว+ข้าว | กินกับข้าวที่อุ่นซ้ำๆ ซากๆ | ดื่มสุรา | กัญชา | สูบบุหรี่จัด | ยาสูบ,family,lymphoma,none_mentioned,not_stated,พ่อมีพฤติกรรมกินอาหารอุ่นซ้ำ ดื่มสุรา ใช้กัญชา และสูบบุหรี่จัด ปัจจุบันป่วยเป็นมะเร็งต่อมน้ำเหลืองระยะที่ 3,0.95,
c0014,จากทุกเม้น คือเริ่มจาก เครียด,29,risk_opinion,stress,stress,เครียด,general,not_stated,none_mentioned,not_stated,ผู้แสดงความคิดเห็นมองว่าความเสี่ยงเริ่มต้นมาจากความเครียดโดยอ้างอิงจากความคิดเห็นอื่นๆ ในโพสต์,0.9,
c0015,ป้าผมจุดธูปไหว้เจ้าปิดบ้าน เกมหลังโพรงจมูก,42,personal_story,smoke_fumes_home,smoke_fumes_home,จุดธูปไหว้เจ้าปิดบ้าน,family,nasopharynx,none_mentioned,not_stated,ป้าของผู้แสดงความคิดเห็นป่วยเป็นมะเร็งหลังโพรงจมูก โดยระบุว่าเกิดจากพฤติกรรมจุดธูปไหว้เจ้าในบ้านที่ปิดทึบ,0.92,
c0016,กินของในตู้เย็นเก่าเก็บ ยายผมเป็นมะเร็งลำใส้,44,personal_story,reheated_leftover,reheated_leftover,กินของในตู้เย็นเก่าเก็บ,family,colorectal,none_mentioned,not_stated,ยายของผู้แสดงความคิดเห็นเป็นมะเร็งลำไส้ โดยระบุพฤติกรรมเสี่ยงคือการกินของเก่าเก็บที่แช่ในตู้เย็น,0.9,
c0017,พ่อเป็นมะเร็งที่กรวยไตครับ ชอบกินอาหารหวาน ครีม เค้ก ขนมปัง กับกาแฟใส่หวานทุกเช้า ตรวจเจอระยะสุดท้ายครับ,104,personal_story,sugary_drinks,sugary_drinks,ชอบกินอาหารหวาน ครีม เค้ก ขนมปัง กับกาแฟใส่หวานทุกเช้า,family,kidney,screening_checkup,not_stated,พ่อของผู้แสดงความคิดเห็นตรวจพบมะเร็งที่กรวยไตระยะสุดท้าย โดยระบุพฤติกรรมชอบทานของหวาน ขนม และกาแฟหวานทุกเช้า,0.95,
c0018,"ป๊าเป็นมะเร็งหลอดอาหาร กินของเผ็ดบ่อย กินแล้วนอน กินของดอง กินของไม่สุก กินเบียร์ นึกว่าเป็นกรดไหลย้อน กว่าจะเจอก็สุดท้ายแล้ว
ตรวจสุขภาพกันบ่อยๆนะคะ",148,personal_story,strong_flavour|irregular_meals|fermented_pickled|raw_undercooked|alcohol,strong_flavour,กินของเผ็ดบ่อย | กินแล้วนอน | กินของดอง | กินของไม่สุก | กินเบียร์,family,esophagus,advice_to_others,not_stated,พ่อของผู้แสดงความเห็นเป็นมะเร็งหลอดอาหารระยะสุดท้าย มีพฤติกรรมกินของเผ็ด กินแล้วนอน กินของดอง ของไม่สุก และดื่มเบียร์ พร้อมเตือนให้คนอื่นตรวจสุขภาพบ่อยๆ,0.95,
c0020,"เครียด นอนน้อย
กินจังกฟู้ด ไม่ออกกำลังกาย",41,risk_opinion,stress|poor_sleep|unhealthy_diet_general|no_exercise,stress,เครียด | นอนน้อย | กินจังกฟู้ด | ไม่ออกกำลังกาย,general,not_stated,none_mentioned,not_stated,ผู้แสดงความคิดเห็นระบุพฤติกรรมเสี่ยงคือ เครียด นอนน้อย กินจังก์ฟู้ด และไม่ออกกำลังกาย โดยไม่ได้ระบุเคสเฉพาะเจาะจงหรือชนิดของมะเร็ง,0.95,
c0021,แม่เราสูดดมควันบุหรี่มือ 2 จากพ่อเรา 30 ปี เป็นๆหายๆอยู่ 10 กว่าปี สุดท้ายหนีไปเป็นนางฟ้าบนสวรรค์ ส่วนพ่อเราแข็งแรง สูบบุหรี่เหมือนเดิม,135,personal_story,smoking,smoking,สูดดมควันบุหรี่มือ 2,family,not_stated,none_mentioned,died,แม่ของผู้แสดงความคิดเห็นได้รับควันบุหรี่มือสองจากพ่อเป็นเวลา 30 ปี ป่วยเรื้อรังกว่า 10 ปีก่อนเสียชีวิต,0.92,
c0022,แม่ไม่กินอาหารแปรรูป,20,risk_opinion,none_mentioned,none_mentioned,,family,not_stated,none_mentioned,not_stated,ระบุว่าแม่ไม่รับประทานอาหารแปรรูป ไม่ได้ระบุว่าป่วยเป็นมะเร็งหรือมีพฤติกรรมเสี่ยงใด,0.85,
c0023,แม่เป็นมะเร็งเต้านม มีหน้าที่ทำกับข้าวตลอดทุกมื้อ,49,personal_story,smoke_fumes_home,smoke_fumes_home,ทำกับข้าวตลอดทุกมื้อ,family,breast,none_mentioned,not_stated,แม่ของผู้แสดงความคิดเห็นเป็นมะเร็งเต้านม โดยระบุว่ามีหน้าที่ทำกับข้าวตลอดทุกมื้อ,0.88,
c0024,พักผ่อนน้อย ทำงานแบบเข้าเวรกลางคืน เครียดจากงาน,47,risk_opinion,overwork|poor_sleep|stress,overwork,พักผ่อนน้อย | ทำงานแบบเข้าเวรกลางคืน | เครียดจากงาน,general,not_stated,none_mentioned,not_stated,ระบุว่าความเสี่ยงเกิดจากการพักผ่อนน้อย การทำงานเข้าเวรกลางคืน และความเครียดจากการทำงาน,0.9,
c0025,ทำงาน 14 ชม เลิกงานดื่มต่อ นอนวันละ2 -4 ชม. ต่อเนื่อง 7ปี,57,risk_opinion,overwork|alcohol|poor_sleep,overwork,ทำงาน 14 ชม | เลิกงานดื่มต่อ | นอนวันละ2 -4 ชม.,self,not_stated,none_mentioned,not_stated,ผู้แสดงความคิดเห็นระบุพฤติกรรมทำงานวันละ 14 ชั่วโมง ดื่มแอลกอฮอล์หลังเลิกงาน และนอนเพียงวันละ 2-4 ชั่วโมงต่อเนื่องนาน 7 ปี,0.9,
c0026,แดรกเหล้าเกือบทุกวัน กลับบ้านดึกนอนดึก แวะซื้อของเซเว่นกินก่อนนอน แดรกแมคโดนัล ไดพ์ทรู สุดท้ายมะเร็งแดรก,104,personal_story,alcohol|poor_sleep|irregular_meals|unhealthy_diet_general,alcohol,แดรกเหล้าเกือบทุกวัน | กลับบ้านดึกนอนดึก | แวะซื้อของเซเว่นกินก่อนนอน | แดรกแมคโดนัล ไดพ์ทรู,unclear,unspecified,none_mentioned,not_stated,ผู้แสดงความเห็นเล่าถึงพฤติกรรมดื่มเหล้าเกือบทุกวัน นอนดึก กินอาหารเซเว่นก่อนนอน และกินแมคโดนัลด์ จนสุดท้ายเป็นมะเร็ง,0.85,
c0027,กินอาหารค้างคืนที่แช่เย็นบ่อยๆค่ะ hello มะเร็งกระเพาะ,53,risk_opinion,reheated_leftover,reheated_leftover,กินอาหารค้างคืนที่แช่เย็นบ่อยๆ,general,stomach,none_mentioned,not_stated,ผู้แสดงความคิดเห็นระบุว่าการกินอาหารค้างคืนที่แช่เย็นบ่อยๆ สัมพันธ์กับความเสี่ยงมะเร็งกระเพาะอาหาร,0.9,
c0028,เครียด นอนไม่เป็นเวลา,21,risk_opinion,stress|poor_sleep,stress,เครียด | นอนไม่เป็นเวลา,general,not_stated,none_mentioned,not_stated,ผู้แสดงความคิดเห็นระบุว่าความเครียดและการนอนไม่เป็นเวลาเป็นพฤติกรรมเสี่ยง,0.95,
c0029,เครียด นอนน้อย ทานของหมักดอง ของแปรรูปคะ,40,risk_opinion,stress|poor_sleep|fermented_pickled|processed_meat,stress,เครียด | นอนน้อย | ทานของหมักดอง | ของแปรรูป,general,not_stated,none_mentioned,not_stated,ระบุพฤติกรรมเสี่ยงว่าเกิดจากความเครียด นอนน้อย การรับประทานของหมักดอง และอาหารแปรรูป,0.95,
c0030,"ลูกสาวเราคะ เป็นมะเร็งต่อมหมวกไต
ได้จากไปเมื่อหกเดือนก่อน ในวัย 5 ปี ...
ซึ่งไม่สามารถหาสาเหตุการเกิดโรคที่แน่ชัดได้
แต่มันก็เกิดขึ้น และมีเด็กอีกจำนวนมาก ที่เป็นมะเร็งแต่ละชนิด",177,personal_story,none_mentioned,none_mentioned,,family,other,none_mentioned,died,ลูกสาวของผู้แสดงความคิดเห็นป่วยเป็นมะเร็งต่อมหมวกไตและเสียชีวิตเมื่อ 6 เดือนก่อนในวัย 5 ปี โดยระบุว่าไม่ทราบสาเหตุการเกิดโรคที่แน่ชัด,0.95,
c0031,เครียด ชอบกินอาหารแปรรูป กินน้ำน้อย ทำงานแบบหักโหมค่ะ..,55,risk_opinion,stress|processed_meat|other_risk|overwork,stress,เครียด | อาหารแปรรูป | กินน้ำน้อย | ทำงานแบบหักโหม,general,not_stated,none_mentioned,not_stated,ผู้แสดงความคิดเห็นระบุว่าพฤติกรรมเสี่ยงคือ ความเครียด การรับประทานอาหารแปรรูป การดื่มน้ำน้อย และการทำงานหักโหม,0.92,
c0032,เครียด ทำงานหนัก พักผ่อนน้อย,28,risk_opinion,stress|overwork,stress,เครียด | ทำงานหนัก | พักผ่อนน้อย,general,not_stated,none_mentioned,not_stated,ระบุว่าความเครียด การทำงานหนัก และการพักผ่อนน้อย เป็นพฤติกรรมเสี่ยงที่ทำให้เกิดมะเร็ง,0.95,
c0033,ชอบทานลูกชิ้นทอด พักผ่อนน้อยมากกก,33,risk_opinion,processed_meat|fried_fatty|overwork,processed_meat,ลูกชิ้นทอด | พักผ่อนน้อยมากกก,self,not_stated,none_mentioned,not_stated,ผู้แสดงความคิดเห็นระบุพฤติกรรมของตนเองว่าชอบรับประทานลูกชิ้นทอดและพักผ่อนน้อยมาก,0.88,
c0034,"พ่อเราไม่ยอมอาบน้ำหลังจากฉีดยาฆ่าหญ้าทำเป็นประจำ แต่ไม่ทุกวัน แบบสะสมสารเคมี จนอายุ 62 ภูมิคุ้มกันเริ่มลดลง มีอาการเหนื่อยง่าย ซีด สรุปเป็นเม็ดเลือดขาวเฉียบพลัน สู้อยู่ได้ 3 เดือน
พูดแล้วก็คิดถึงมากๆ",199,personal_story,chemicals,chemicals,ไม่ยอมอาบน้ำหลังจากฉีดยาฆ่าหญ้าทำเป็นประจำ | สะสมสารเคมี,family,leukemia,none_mentioned,died,คุณพ่อของผู้แสดงความเห็นได้รับสารเคมีสะสมจากการไม่อาบน้ำหลังฉีดยาฆ่าหญ้า ต่อมาป่วยเป็นมะเร็งเม็ดเลือดขาวเฉียบพลันและเสียชีวิตหลังจากนั้น 3 เดือน,0.92,
c0035,"กินของดี กินของสะอาด ดูแลสุขภาพดีมาก กินข้าวตรงเวลา
ไม่ค่อยกินอาหารแปรรูป มาม่า ไม่ชอบเลย แต่อาจจะมาพลาดตรงชอบกินผักสดอาจจะมีสารตกค้างและพักผ่อนน้อยค่ะ",151,risk_opinion,chemicals|overwork,chemicals,ชอบกินผักสดอาจจะมีสารตกค้าง | พักผ่อนน้อย,self,not_stated,none_mentioned,not_stated,ผู้แสดงความคิดเห็นระบุว่าตนเองดูแลสุขภาพดี แต่คิดว่าอาจมีความเสี่ยงจากสารเคมีตกค้างในผักสดและการพักผ่อนน้อย,0.85,
c0036,เครียด นอนน้อย ไม่ออกกำลังกาย กินอาหารไม่มีประโยชน์,51,risk_opinion,stress|poor_sleep|no_exercise|unhealthy_diet_general,stress,เครียด | นอนน้อย | ไม่ออกกำลังกาย | กินอาหารไม่มีประโยชน์,general,not_stated,none_mentioned,not_stated,ผู้แสดงความคิดเห็นระบุพฤติกรรมเสี่ยงคือ ความเครียด การนอนน้อย ไม่ออกกำลังกาย และการกินอาหารที่ไม่มีประโยชน์,0.95,
c0037,คุณแม่ที่เสียจากมะเร็งปอด กรรมพันธุ์ เครียด ชาเย็นวันละสองแก้วค่ะ,65,personal_story,genetic_family|stress|sugary_drinks,genetic_family,กรรมพันธุ์ | เครียด | ชาเย็นวันละสองแก้ว,family,lung,none_mentioned,died,คุณแม่ของผู้แสดงความคิดเห็นเสียชีวิตจากมะเร็งปอด โดยระบุปัจจัยเสี่ยงว่ามีกรรมพันธุ์ ความเครียด และการดื่มชาเย็นวันละสองแก้ว,0.95,
c0038,ไม่ใช่ตัวเอง แต่คือคนในครอบครัว : เครียดง่าย คิดลบ ให้อภัยยาก ถือสาไปหมดแม้เรื่องเล็กน้อย ทำเรื่องเล็กให้เป็นปัญหาใหญ่ ความทรงจำแย่ๆพูดซ้ำๆหลายสิบปีไม่มูฟออน เจ้าคิดเจ้าแค้น,173,risk_opinion,stress,stress,เครียดง่าย | คิดลบ | ให้อภัยยาก | ถือสาไปหมดแม้เรื่องเล็กน้อย | ทำเรื่องเล็กให้เป็นปัญหาใหญ่ | ความทรงจำแย่ๆพูดซ้ำๆหลายสิบปีไม่มูฟออน | เจ้าคิดเจ้าแค้น,family,not_stated,none_mentioned,not_stated,ผู้แสดงความคิดเห็นระบุถึงคนในครอบครัวว่ามีพฤติกรรมเครียดง่าย คิดลบ เจ้าคิดเจ้าแค้น และยึดติดกับความทรงจำแย่ๆ,0.85,
c0039,"น้ำหวาน อาหารเวฟร้อนร้านสะดวกซื้อ ปาตั้งโก๋
กาแฟ ของมันๆ ไม่กิน ไม่ออกกำลัง ท้องผูก",83,risk_opinion,sugary_drinks|reheated_leftover|fried_fatty|irregular_meals|no_exercise|irregular_bowel,sugary_drinks,น้ำหวาน | อาหารเวฟร้อนร้านสะดวกซื้อ | ปาตั้งโก๋ | กาแฟ | ของมันๆ | ไม่กิน | ไม่ออกกำลัง | ท้องผูก,general,not_stated,none_mentioned,not_stated,ผู้แสดงความคิดเห็นระบุพฤติกรรมเสี่ยงได้แก่ การดื่มน้ำหวาน กาแฟ การทานอาหารเวฟ ปาท่องโก๋ ของมัน การไม่กินอาหาร ไม่ออกกำลังกาย และอาการท้องผูก,0.85,
c0040,กินปลาร้าดิบๆ ก้อยขม ซอยจุ๊และอื่นๆ,35,risk_opinion,raw_undercooked|fermented_pickled,raw_undercooked,กินปลาร้าดิบๆ | ก้อยขม | ซอยจุ๊,general,not_stated,none_mentioned,not_stated,ผู้แสดงความเห็นระบุว่าพฤติกรรมเสี่ยงคือการรับประทานของดิบ เช่น ปลาร้าดิบ ก้อยขม และซอยจุ๊,0.95,
c0041,ไม่ดูแลความดันกินตามใจไตดับ เสี่ยงดีเหมือนกัน,45,risk_opinion,chronic_condition|unhealthy_diet_general,chronic_condition,ไม่ดูแลความดัน | กินตามใจ,general,not_stated,none_mentioned,not_stated,ผู้แสดงความคิดเห็นระบุถึงพฤติกรรมไม่ดูแลความดันโลหิตและการกินตามใจปากในเชิงประชดประชันว่าเป็นความเสี่ยง,0.85,sarcasm_or_joke
c0042,"อันแรกเลย เครียด
กินอาหารซ้ำๆ อาหารค้างคืน
กินอาหารแปรรูป ชอบกินไส้กรอกย่าง
อาหารมันๆทอดๆ",89,risk_opinion,stress|reheated_leftover|processed_meat|grilled_charred|fried_fatty,stress,เครียด | กินอาหารซ้ำๆ | อาหารค้างคืน | กินอาหารแปรรูป | ชอบกินไส้กรอกย่าง | อาหารมันๆทอดๆ,general,not_stated,none_mentioned,not_stated,ผู้แสดงความเห็นระบุว่าความเครียดเป็นสาเหตุอันดับแรก รวมถึงพฤติกรรมการกินอาหารซ้ำๆ อาหารค้างคืน อาหารแปรรูป ไส้กรอกย่าง และอาหารมันของทอด,0.95,
c0043,อ่านดูแล้ว เครียดมาอันดับ 1 พักผ่อนน้อยและอาหารแปรรูป ร่วมด้วยทุกคนเลยค่ะ,73,risk_opinion,stress|overwork|processed_meat,stress,เครียด | พักผ่อนน้อย | อาหารแปรรูป,general,not_stated,none_mentioned,not_stated,ผู้แสดงความคิดเห็นสังเกตและสรุปจากคอมเมนต์อื่นว่า ความเครียดเป็นสาเหตุอันดับหนึ่ง รวมถึงการพักผ่อนน้อยและอาหารแปรรูป,0.9,
c0044,ชอบกินบะหมีสำเร็จรูป หมูเด้ง เครียด กินอาหารแปรรูป,50,risk_opinion,processed_meat|stress,processed_meat,ชอบกินบะหมีสำเร็จรูป | หมูเด้ง | เครียด | กินอาหารแปรรูป,self,not_stated,none_mentioned,not_stated,ผู้แสดงความคิดเห็นระบุพฤติกรรมเสี่ยงคือการรับประทานบะหมี่กึ่งสำเร็จรูป หมูเด้ง อาหารแปรรูป และมีความเครียด,0.92,
c0045,"ผมเริ่มเป็นช่วงอายุประมาณ18ครับ ตอนนั้นคือชอบทานโฮลเกรน,ซีเรียล,มาม่ามากครับ เพราะมองแค่เรื่องประหยัดเวลา,รวดเร็ว,ง่ายครับ + กับมีความเครียด,พักผ่อนน้อย เพราะจะเข้ามหาลัยด้วยครับ",178,personal_story,processed_meat|stress|overwork,processed_meat,มาม่ามากครับ | มีความเครียด | พักผ่อนน้อย,self,unspecified,none_mentioned,not_stated,ผู้แสดงความคิดเห็นเล่าว่าเริ่มมีอาการ/เป็นโรคตอนอายุประมาณ 18 ปี โดยช่วงนั้นชอบทานมาม่า มีความเครียด และพักผ่อนน้อยเนื่องจากเตรียมเข้ามหาวิทยาลัย,0.88,
c0046,นอนน้อยวันล่ะ 1-2 ชม เครียด รับภาระเยอะ กินข้าวไม่ตรงเวลา ไม่ออกกำลังกาย =มะเร็งลำไส้,85,risk_opinion,poor_sleep|stress|overwork|irregular_meals|no_exercise,poor_sleep,นอนน้อยวันล่ะ 1-2 ชม | เครียด | รับภาระเยอะ | กินข้าวไม่ตรงเวลา | ไม่ออกกำลังกาย,general,colorectal,none_mentioned,not_stated,ผู้แสดงความคิดเห็นระบุพฤติกรรมเสี่ยงที่เชื่อว่าทำให้เป็นมะเร็งลำไส้ ได้แก่ นอนน้อย เครียด มีภาระเยอะ กินข้าวไม่ตรงเวลา และไม่ออกกำลังกาย,0.92,
c0047,"พักผ่อนไม่พอ
กินข้าวไม่ตรงเวลา
ดื่มน้ำน้อย
เป็นลำไส้อักเสบบ่อยๆไม่ยอมไปหาหมอเพราะคิดว่ามันจะหายเอง
ไม่ออกกำลังกาย
กินแต่อาหารที่ไม่มีประโยชน์
ก่อนจะไปตรวจ ถ่ายเป็นเลือดจนคิดว่าเป็นประจำเดือน",190,personal_story,overwork|irregular_meals|other_risk|chronic_condition|no_screening|no_exercise|unhealthy_diet_general,overwork,พักผ่อนไม่พอ | กินข้าวไม่ตรงเวลา | ดื่มน้ำน้อย | เป็นลำไส้อักเสบบ่อยๆ | ไม่ยอมไปหาหมอเพราะคิดว่ามันจะหายเอง | ไม่ออกกำลังกาย | กินแต่อาหารที่ไม่มีประโยชน์,self,colorectal,delayed_care|screening_checkup,not_stated,ผู้แสดงความคิดเห็นเล่าพฤติกรรมเสี่ยงของตนเอง เช่น พักผ่อนไม่พอ กินไม่ตรงเวลา ไม่ออกกำลังกาย กินอาหารไม่มีประโยชน์ ลำไส้อักเสบเรื้อรังและไม่ยอมไปหาหมอ จนกระทั่งถ่ายเป็นเลือดจึงไปตรวจ,0.85,
c0048,ชอบกินไส้กรอกหมูย่างอาหารปิ้งย่างอาหารแปรรูปทุกชนิดกินหมดเลยค่ะจนได้เป็นมะเร็งลำไส้ค่ะ,86,personal_story,processed_meat|grilled_charred,processed_meat,ไส้กรอก | หมูย่าง | อาหารปิ้งย่าง | อาหารแปรรูปทุกชนิด,self,colorectal,none_mentioned,not_stated,ผู้แสดงความคิดเห็นเล่าว่าตนเองชอบรับประทานไส้กรอก หมูย่าง อาหารปิ้งย่าง และอาหารแปรรูปทุกชนิดจนป่วยเป็นมะเร็งลำไส้,0.95,
c0049,เครียด ทุกอย่าง..ต้องเป๊ะ..ต้องดี ไม่ปล่อยวาง...ใช้ชีวิตสุดโต่ง..,65,risk_opinion,stress,stress,เครียด | ทุกอย่าง..ต้องเป๊ะ..ต้องดี ไม่ปล่อยวาง...ใช้ชีวิตสุดโต่ง..,general,not_stated,none_mentioned,not_stated,ระบุว่าความเครียด ความสมบูรณ์แบบ ความกดดันไม่ปล่อยวาง และการใช้ชีวิตสุดโต่งเป็นปัจจัยเสี่ยง,0.88,
c0050,,256,personal_story,stress|poor_sleep|low_veg_fibre|unhealthy_diet_general,stress,ชอบเครียด | นอนดึกตี2-ตี3ทุกวัน | ไม่กินผลไม้เลย | กินอาหารตามใจปาก | นอนไม่พอ,self,lymphoma,none_mentioned,not_stated,ผู้แสดงความคิดเห็นเล่าว่าตัวเองมักเครียด นอนดึกวันละ 4-6 ชั่วโมงติดต่อกันเป็นปี ไม่กินผลไม้ และกินตามใจปาก จนร่างกายป่วยง่ายก่อนจะตรวจพบว่าเป็นมะเร็งต่อมน้ำเหลือง,0.95,
c0051,"ของที่ชอบในตอนนี้น
กลับกายเป็นของที่ห้าม
กินในตอนนี้",52,risk_opinion,none_mentioned,none_mentioned,,general,not_stated,none_mentioned,not_stated,ผู้แสดงความเห็นระบุว่าของที่เคยชอบรับประทานในอดีต กลายมาเป็นของที่ถูกห้ามรับประทานในปัจจุบัน โดยไม่ได้ระบุชนิดอาหารหรือพฤติกรรมเฉพาะเจาะจง,0.75,ambiguous
c0053,ของทอดทุกชนิด เนื้อสัตว์ไม่ชอบทานผักผลไม้,41,risk_opinion,fried_fatty|low_veg_fibre,fried_fatty,ของทอดทุกชนิด | เนื้อสัตว์ไม่ชอบทานผักผลไม้,general,not_stated,none_mentioned,not_stated,ผู้แสดงความคิดเห็นระบุว่าของทอดทุกชนิด การทานเนื้อสัตว์ และการไม่ชอบทานผักผลไม้ เป็นพฤติกรรมเสี่ยง,0.92,
c0054,ตรวจร่างกายประจำปีตลอดครับ ดีกว่าตรวจเจอ ระยะ3-4ร่างกายจะทรุด,61,advice_info,none_mentioned,none_mentioned,,self,not_stated,screening_checkup|advice_to_others,not_stated,ผู้แสดงความคิดเห็นแนะนำและเล่าว่าตนเองตรวจสุขภาพประจำปีสม่ำเสมอ ดีกว่าตรวจเจอในระยะลุกลามที่ร่างกายจะทรุด,0.9,
c0055,ไม่หลับไม่นอนดื่มแต่Lกฮ ค่ะ หลายสิบปี,37,risk_opinion,poor_sleep|alcohol,poor_sleep,ไม่หลับไม่นอน | ดื่มแต่Lกฮ,general,not_stated,none_mentioned,not_stated,ผู้แสดงความคิดเห็นระบุพฤติกรรมเสี่ยงคือการไม่หลับไม่นอนและดื่มแอลกอฮอล์ต่อเนื่องมานานหลายสิบปี,0.85,
c0056,,223,personal_story,stress|hormones_meds|overweight|no_exercise,stress,โรคเครียด | กินยาคลายเครียดตลอด | อวบๆ | ไม่ค่อยออกกำลังกาย,family,breast,none_mentioned,progressed,แม่ของผู้แสดงความเห็นป่วยเป็นโรคเครียด ทานยาคลายเครียดประจำ รูปร่างอวบ และไม่ค่อยออกกำลังกาย เป็นมะเร็งเต้านมรักษามา 10 ปีก่อนลามไปปอด,0.9,
c0057,,369,advice_info,stress,stress,ภาวะความเครียด,general,unspecified,advice_to_others,not_stated,ผู้แสดงความคิดเห็นแนะนำให้ดื่มน้ำวันละ 2.5 ลิตรเพื่อขับของเสียและปรับร่างกายให้เป็นด่างป้องกันมะเร็ง พร้อมระบุว่าภาวะความเครียดทำให้ร่างกายเป็นกรดและมะเร็งโตเร็ว,0.85,medical_misinformation
c0058,,853,personal_story,unhealthy_diet_general|processed_meat|sugary_drinks|fried_fatty|strong_flavour|smoking|alcohol|poor_sleep|no_exercise|irregular_bowel|genetic_family,unhealthy_diet_general,ทานเยอะจนอ้วก แล้วกลับมาทานใหม่ | ปากไม่เคยว่าง | ชอบอาหารแปรรูปมาก ไส้กรอกที่1 ในใจ | หวาน ทอด มัน เค็ม | สูบบุหรี่ | ดื่มแอล | ไม่นอนดึกค่ะ นอนเช้า | ไม่ออกกำลังกาย ขี้เกียจขยับตัว | ท้องผูก | พันธุกรรม,self,breast,financial_access_issue,in_treatment,ผู้แสดงความคิดเห็นเล่าประสบการณ์ตนเองที่เป็นมะเร็งเต้านมตอนอายุ 24 ปี โดยระบุพฤติกรรมเสี่ยงหลายอย่างในอดีต เช่น กินอาหารแปรรูป ของหวาน ทอด เค็ม สูบบุหรี่ ดื่มแอลกอฮอล์ นอนเช้า ไม่ออกกำลังกาย ท้องผูก และมีประวัติกรรมพันธุ์ในครอบครัว ปัจจุบันมีภาระค่ารักษาสูง,0.92,
c0059,,514,personal_story,alcohol,alcohol,ดื่มแอลกอฮอล์เวลาปาร์ตี้ประเภทไวน์แดง,self,breast,screening_checkup|advice_to_others,not_stated,ผู้โพสต์เล่าว่าเป็นมะเร็งเต้านม แม้จะดูแลสุขภาพ ออกกำลังกาย กินคลีน และไม่มีประวัติครอบครัว โดยมีเพียงการดื่มไวน์แดงเวลาปาร์ตี้ พร้อมแนะนำให้ทุกคนตรวจสุขภาพประจำปีและตรวจคัดกรองมะเร็ง,0.92,
c0060,"1. ภาวะดื้อต่ออินซูลิน (ทางตรง)
2. ความเครียดสะสม (ทางอ้อม)
3. ปัจจัยเสี่ยงต่อมะเร็งชนิดนั้นๆ เช่น มะเร็งลำไส้ - กินอาหารแปรรูปบ่อย
มะเร็งตับ - กินน้ำตาลฟรุกโตสหรือแอลกอฮอล์เยอะๆ
(ทรงตรง)",187,risk_opinion,chronic_condition|stress|processed_meat|sugary_drinks|alcohol,chronic_condition,ภาวะดื้อต่ออินซูลิน | ความเครียดสะสม | กินอาหารแปรรูปบ่อย | กินน้ำตาลฟรุกโตส | แอลกอฮอล์เยอะๆ,general,multiple,none_mentioned,not_stated,ผู้แสดงความคิดเห็นระบุปัจจัยเสี่ยงของการเกิดมะเร็ง ได้แก่ ภาวะดื้ออินซูลิน ความเครียดสะสม การกินอาหารแปรรูป น้ำตาลฟรุกโตส และแอลกอฮอล์,0.95,
c0061,"ดูแลตัวเองดีแค่ไหน ก็เป็นครับ
แบบหมอ สู้ดิวะ",44,risk_opinion,none_mentioned,none_mentioned,,general,unspecified,none_mentioned,not_stated,ผู้แสดงความคิดเห็นมองว่าต่อให้ดูแลตัวเองดีแค่ไหนก็เป็นมะเร็งได้ โดยยกตัวอย่างเคสหมอสู้ดิวะ,0.85,
c0062,ชอบกินแตงโม กินทุกวันติดต่อกัน 6 ปี,35,risk_opinion,other_risk,other_risk,ชอบกินแตงโม กินทุกวันติดต่อกัน 6 ปี,self,not_stated,none_mentioned,not_stated,ผู้แสดงความคิดเห็นระบุพฤติกรรมส่วนตัวว่าชอบรับประทานแตงโมทุกวันติดต่อกันนาน 6 ปี โดยไม่ได้ระบุชนิดมะเร็งหรือการรักษา,0.7,ambiguous
c0063,ชอบกินของหมักดอง นอนดึก อารมณ์ร้อนง่าย,38,risk_opinion,fermented_pickled|poor_sleep|stress,fermented_pickled,ชอบกินของหมักดอง | นอนดึก | อารมณ์ร้อนง่าย,general,not_stated,none_mentioned,not_stated,ระบุพฤติกรรมเสี่ยงคือการรับประทานของหมักดอง การนอนดึก และอารมณ์ร้อนง่าย,0.85,
c0064,,227,advice_info,stress,stress,ความเครียด,general,not_stated,none_mentioned,not_stated,ผู้แสดงความคิดเห็นอ้างคำสอนของพระว่าการปล่อยให้จิตไม่อยู่กับกายคือความเครียด ซึ่งทำให้ร่างกายป่วยง่าย และการอยู่กับปัจจุบันจะช่วยให้สุขภาพดี,0.85,
c0065,,428,personal_story,reheated_leftover,reheated_leftover,กับข้าวที่ทำเหลือจะชอบเอาไปแช่ฟรีซไว้นานๆแล้วเอามาอุ่นกิน | อาหารพันปี,family,colorectal,none_mentioned,not_stated,น้าสาวและพ่อตาเป็นมะเร็งลำไส้ โดยผู้แสดงความเห็นระบุว่าทั้งคู่ชอบแช่กับข้าวเหลือในช่องฟรีซไว้นานๆ แล้วนำกลับมาอุ่นกินซ้ำ,0.92,
c0066,เป็นโรคเครียด ลงกระเพาะ ทำให้นอนไม่ค่อยหลับและหลับสนิทยาก มาแน่แม่จ๋า,69,risk_opinion,stress|poor_sleep,stress,โรคเครียด | นอนไม่ค่อยหลับและหลับสนิทยาก,self,not_stated,none_mentioned,not_stated,ผู้แสดงความคิดเห็นระบุว่าตนเองเป็นโรคเครียดลงกระเพาะและนอนไม่ค่อยหลับ หลับยาก จึงกังวลว่าตนเองจะเสี่ยงเป็นมะเร็ง,0.88,
c0067,เครียด...กินหมูกระทะเกือบทุกวัน ดื่มทุกวันไม่เว้น..,51,risk_opinion,stress|grilled_charred|alcohol,stress,เครียด | กินหมูกระทะเกือบทุกวัน | ดื่มทุกวันไม่เว้น,general,not_stated,none_mentioned,not_stated,ผู้แสดงความคิดเห็นระบุพฤติกรรมเสี่ยงคือความเครียด กินหมูกระทะเกือบทุกวัน และดื่มแอลกอฮอล์ทุกวัน,0.9,
c0068,กรรมพันธุ์นะคะ 20% บางคนใช้ชีวิตมาดีแค่ไหนก็เป็นค่ะ เพื่อนสนิทเพิ่งเสียด้วยโรคมะเร็งปอด ไม่สูบบุหรี่ไม่กินเหล้า นิสัยดีเข้าวัดทำบุญตลอด,135,personal_story,genetic_family,genetic_family,กรรมพันธุ์,friend,lung,none_mentioned,died,ผู้แสดงความคิดเห็นระบุว่ากรรมพันธุ์มีส่วน และยกตัวอย่างเพื่อนสนิทที่ไม่สูบบุหรี่ ไม่ดื่มเหล้า แต่เพิ่งเสียชีวิตด้วยโรคมะเร็งปอด,0.92,
c0069,ขอบกินหวาน เผ็ด ของมัน ชอบคิดมาก เครียด นอนดึก กินอาหารแปรรูปบ่อยค่ะ,68,risk_opinion,sugary_drinks|strong_flavour|fried_fatty|stress|poor_sleep|processed_meat,sugary_drinks,ขอบกินหวาน | เผ็ด | ของมัน | ชอบคิดมาก | เครียด | นอนดึก | กินอาหารแปรรูปบ่อย,self,not_stated,none_mentioned,not_stated,ผู้แสดงความคิดเห็นระบุพฤติกรรมเสี่ยงของตนเอง ได้แก่ ชอบกินหวาน เผ็ด ของมัน อาหารแปรรูป รวมถึงคิดมาก เครียด และนอนดึก,0.92,
c0071,,1696,advice_info,chemicals,chemicals,เคมีปรุงแต่ง,general,not_stated,diet_lifestyle,not_stated,ผู้แสดงความคิดเห็นให้คำแนะนำเกี่ยวกับการดูแลสุขภาพ การดื่มน้ำ การเลือกรับประทานอาหาร การออกกำลังกาย และการทำสมาธิ,0.9,
c0072,นานๆดื่มที ไม่สูบบุหรี่ รู้อีกทีเป็นมะเร็งระยะที่4 ไปแล้ว,57,personal_story,none_mentioned,none_mentioned,,self,unspecified,none_mentioned,not_stated,ผู้แสดงความเห็นเล่าว่าตนเองนาน ๆ ดื่มทีและไม่สูบบุหรี่ แต่ตรวจพบว่าเป็นมะเร็งระยะที่ 4,0.92,
c0073,ทุกอย่างเริ่มต้นด้วยความเครียด,30,risk_opinion,stress,stress,ความเครียด,general,not_stated,none_mentioned,not_stated,ผู้แสดงความคิดเห็นระบุว่าทุกอย่างเริ่มต้นจากความเครียด,0.95,
c0075,,312,personal_story,stress|overwork,stress,ไม่มีเวลาให้นั่งเฉยๆ | ไม่มีเวลาให้สมองว่างาน คิดเรื่องลูก แพลนงาน ต่างๆนาๆ,self,not_stated,surgery|diet_lifestyle,in_treatment,ผู้แสดงความคิดเห็นเล่าว่าตนเองดูแลสุขภาพด้านอื่นได้ดี แต่มักทำงานและคิดวางแผนตลอดเวลาจนไม่มีเวลาพักสมอง ปัจจุบันพบรอยโรคและเตรียมเข้ารับการผ่าตัดรักษา จึงตั้งใจปรับการใช้ชีวิตให้ช้าลง,0.85,
c0076,"คุณแม่ ชอบทานผัก น้ำพริก ไม่ชอบทานเนื้อสัตว์ ทานเจทุกวันพระ
เป็นมะเร็งเม็ดเลือดขาวค่ะ",85,personal_story,none_mentioned,none_mentioned,,family,leukemia,none_mentioned,not_stated,คุณแม่ชอบรับประทานผัก น้ำพริก ไม่ชอบทานเนื้อสัตว์ และทานเจทุกวันพระ ป่วยเป็นมะเร็งเม็ดเลือดขาว,0.95,
c0078,มะเร็งเป็นกรรมพันธุ์ไหมครับ?,28,risk_opinion,genetic_family,genetic_family,กรรมพันธุ์,general,not_stated,none_mentioned,not_stated,ผู้แสดงความคิดเห็นสอบถามว่าโรคมะเร็งเกิดจากกรรมพันธุ์หรือไม่,0.85,
c0079,"งานเครียด 9เต็ม10 นอนน้อย
บางวันนอน 3 ชม. บ่อย
นอนดึก ตื่นเช้าตรู่ทำงาน
เหล้า:กินเยอะ
บุหรี่:ไม่สูบ
อาหาร:กินทุกอย่าง มันๆทอดๆผักก็กิน
ขับถ่าย: เป็นเวลาทุกเช้า",159,risk_opinion,stress|poor_sleep|alcohol|fried_fatty,stress,งานเครียด 9เต็ม10 | นอนน้อย | บางวันนอน 3 ชม. บ่อย | นอนดึก | เหล้า:กินเยอะ | มันๆทอดๆ,self,not_stated,none_mentioned,not_stated,ผู้แสดงความเห็นระบุพฤติกรรมเสี่ยงของตนเอง ได้แก่ ความเครียดจากการทำงาน นอนน้อยและนอนดึก ดื่มสุรามาก และชอบทานอาหารมันของทอด,0.9,
c0080,,402,advice_info,hormones_meds,hormones_meds,ยาคุมกำเนิด,general,breast,screening_checkup|advice_to_others,not_stated,ผู้แสดงความคิดเห็นให้ข้อมูลเกี่ยวกับมะเร็งเต้านม แนะนำการตรวจอัลตราซาวด์และตรวจสุขภาพประจำปี พร้อมแชร์ประสบการณ์ตรวจติดตามถุงน้ำ และระบุว่ายาคุมกำเนิดเป็นสิ่งกระตุ้นมะเร็งเต้านม,0.9,
c0081,"เคยคุยกับหมอที่รักษา
เกี่ยวกับมะเร็งคำพูดคือใช่เลย
การเกิดมะเร็งในคนไทย
-มะเร็งที่เกิดจากกรรมพันธ์
-มะเร็งที่เกิดจากพฤติกรรม
แล้วมะเร็งที่เกิดจากพฤติกรรม
เริ่มเยอะมากขึ้น",170,advice_info,genetic_family,genetic_family,กรรมพันธ์,general,not_stated,none_mentioned,not_stated,ผู้แสดงความเห็นระบุว่าเคยคุยกับแพทย์ โดยกล่าวว่ามะเร็งในคนไทยเกิดจากกรรมพันธุ์และพฤติกรรม ซึ่งมะเร็งที่เกิดจากพฤติกรรมมีจำนวนมากขึ้น,0.85,
c0082,คนรอบตัวเราส่วนใหญ่ที่จากไปด้วยโรคนี้ ติดกินปาท่องโก๋แทนข้าวเช้าเป็นประจำต่อเนื่องหลายปี,88,personal_story,fried_fatty,fried_fatty,ติดกินปาท่องโก๋แทนข้าวเช้าเป็นประจำต่อเนื่องหลายปี,friend,unspecified,none_mentioned,died,ผู้แสดงความคิดเห็นระบุว่าคนรอบตัวส่วนใหญ่ที่เสียชีวิตจากโรคนี้ มีพฤติกรรมชอบรับประทานปาท่องโก๋แทนอาหารเช้าติดต่อกันเป็นเวลาหลายปี,0.88,
c0083,,324,personal_story,smoking|processed_meat|genetic_family,smoking,ดูดบุหรี่ | กินอาหารแปรรูปประจำ | ญาติเป็นมะเร็งกันเยอะ,family,unspecified,none_mentioned,not_stated,คุณตาและญาติหลายคนเป็นมะเร็ง โดยคุณตาสูบบุหรี่และรับประทานอาหารแปรรูปเป็นประจำ ปัจจุบันผู้แสดงความคิดเห็นจึงหันมาดูแลสุขภาพและปรับเปลี่ยนพฤติกรรมการใช้ชีวิตเพื่อป้องกันโรค,0.88,
c0085,กินไม่เป็นเวลา นอนดึก ดื่มแอลกอฮอ ไม่ชอบกินผักผลไม้,51,risk_opinion,irregular_meals|poor_sleep|alcohol|low_veg_fibre,irregular_meals,กินไม่เป็นเวลา | นอนดึก | ดื่มแอลกอฮอ | ไม่ชอบกินผักผลไม้,general,not_stated,none_mentioned,not_stated,ผู้แสดงความคิดเห็นระบุพฤติกรรมเสี่ยง ได้แก่ การกินอาหารไม่เป็นเวลา นอนดึก ดื่มแอลกอฮอล์ และไม่ชอบกินผักผลไม้,0.95,
c0086,"นอนดึก ไม่ยอมนอนดื้อ
ภาวะเครียด ผอม หอบ เหนื่อยง่าย",51,risk_opinion,poor_sleep|stress,poor_sleep,นอนดึก ไม่ยอมนอนดื้อ | ภาวะเครียด,general,not_stated,none_mentioned,not_stated,ระบุพฤติกรรมเสี่ยงว่าคือการนอนดึก ไม่ยอมนอน และภาวะเครียด รวมถึงกล่าวถึงอาการผอม หอบ เหนื่อยง่าย,0.85,
c0087,เครียด ชอบกินอาหารแปรรูป อ้วน ค่ะ,33,risk_opinion,stress|processed_meat|overweight,stress,เครียด | ชอบกินอาหารแปรรูป | อ้วน,general,not_stated,none_mentioned,not_stated,ผู้แสดงความคิดเห็นระบุว่าความเครียด การชอบกินอาหารแปรรูป และความอ้วน เป็นพฤติกรรมเสี่ยง,0.9,
c0089,เครียด.กินข้าวไม่ตรงเวลา.กินผักสด.ของหมักดอง.กินอาหารรสจัด,58,risk_opinion,stress|irregular_meals|other_risk|fermented_pickled|strong_flavour,stress,เครียด | กินข้าวไม่ตรงเวลา | กินผักสด | ของหมักดอง | กินอาหารรสจัด,general,not_stated,none_mentioned,not_stated,ผู้แสดงความคิดเห็นระบุพฤติกรรมเสี่ยง ได้แก่ ความเครียด การรับประทานอาหารไม่ตรงเวลา การรับประทานผักสด ของหมักดอง และอาหารรสจัด,0.87,
c0090,นานกินทีได้มั้ยบะหมี่กึ่งสำเสร็จรูปไส่ผักไส่ไข่เพิ่มเอาอยากกินมากตอนนี้,71,risk_opinion,processed_meat,processed_meat,บะหมี่กึ่งสำเสร็จรูป,self,not_stated,none_mentioned,not_stated,ผู้แสดงความคิดเห็นถามว่านานๆ กินบะหมี่กึ่งสำเร็จรูปทีได้หรือไม่ โดยจะใส่ผักและไข่เพิ่มเพราะอยากกินมาก,0.85,
c0092,เครียด พักผ่อนน้อย กินเยอะชอบกินปิ้งย่าง และช่วงที่เป็นคือกินเหล้าหนักไปหน่อยค่ะ ประกอบกับมีอาการอักเสบที่เต้านมด้วย มะเร็งมาเลยค่ะ,131,personal_story,stress|overwork|grilled_charred|alcohol,stress,เครียด | พักผ่อนน้อย | ชอบกินปิ้งย่าง | กินเหล้าหนักไปหน่อย,self,breast,none_mentioned,not_stated,ผู้แสดงความคิดเห็นเล่าว่าตนเองเป็นมะเร็งเต้านม โดยระบุพฤติกรรมเสี่ยงคือเครียด พักผ่อนน้อย ชอบกินปิ้งย่าง และดื่มเหล้าหนัก,0.92,
c0093,เมาทุกวัน,9,risk_opinion,alcohol,alcohol,เมาทุกวัน,general,not_stated,none_mentioned,not_stated,ระบุพฤติกรรมเสี่ยงคือการดื่มแอลกอฮอล์จนเมาทุกวัน,0.88,
c0094,,229,risk_opinion,unhealthy_diet_general|no_exercise|poor_sleep,unhealthy_diet_general,กินบุฟเฟ่ต์วันเว้นวัน | กินอาหารฟาสต์ฟู้ด | ไม่เคยออกกำลังกาย | เที่ยวทั้งคืนนอนตอนเช้าตื่นตอนบ่าย,self,not_stated,none_mentioned,not_stated,ผู้แสดงความคิดเห็นเล่าพฤติกรรมตนเองว่ากินบุฟเฟต์บ่อย กินฟาสต์ฟู้ด ไม่ออกกำลังกาย และนอนดึกตื่นบ่ายมานานกว่า 10 ปี,0.88,
c0095,ชอบมากน้ำอัดลมกินแทนน้ำเลย แล้วก็อ้ววนด้วยคะ,44,risk_opinion,sugary_drinks|overweight,sugary_drinks,น้ำอัดลมกินแทนน้ำ | อ้ววน,self,not_stated,none_mentioned,not_stated,ผู้แสดงความคิดเห็นระบุพฤติกรรมตนเองว่าชอบดื่มน้ำอัดลมแทนน้ำเปล่าและมีภาวะอ้วน,0.92,
c0096,การกินอะไรเดิมๆติดต่อกัน,24,risk_opinion,unhealthy_diet_general,unhealthy_diet_general,การกินอะไรเดิมๆติดต่อกัน,general,not_stated,none_mentioned,not_stated,ผู้แสดงความคิดเห็นมองว่าการรับประทานอาหารซ้ำๆ เดิมๆ ติดต่อกันเป็นพฤติกรรมเสี่ยงที่ทำให้เกิดมะเร็ง,0.85,
c0097,"เครียด นอนดึก ไม่ออกกำลังกาย
#มะเร็งรังไข่",42,risk_opinion,stress|poor_sleep|no_exercise,stress,เครียด | นอนดึก | ไม่ออกกำลังกาย,general,ovary,none_mentioned,not_stated,ระบุพฤติกรรมเสี่ยงคือความเครียด การนอนดึก และการไม่ออกกำลังกาย พร้อมติดแฮชแท็กมะเร็งรังไข่,0.9,
c0098,เราเป็นค่ะ เครียด นอนน้อย กินหมักดองเกือบทุกวัน โดยเฉพาะส้มตำปลาร้าค่ะ และลูกบิ้นไส้กรอก อาหารแปรรูปชอบมากค่ะ,109,personal_story,stress|poor_sleep|fermented_pickled|processed_meat,stress,เครียด | นอนน้อย | กินหมักดองเกือบทุกวัน โดยเฉพาะส้มตำปลาร้า | ลูกบิ้นไส้กรอก อาหารแปรรูป,self,unspecified,none_mentioned,not_stated,ผู้แสดงความคิดเห็นระบุว่าตนเองป่วยเป็นมะเร็ง โดยมีพฤติกรรมเครียด นอนน้อย ทานของหมักดองส้มตำปลาร้าเป็นประจำ และชอบทานอาหารแปรรูปอย่างลูกชิ้นไส้กรอก,0.95,
c0099,นอนดึก เครียดกับงาน กันเนอะ น้ำหนักตัวเยอะ,42,risk_opinion,poor_sleep|stress|overweight,poor_sleep,นอนดึก | เครียดกับงาน | น้ำหนักตัวเยอะ,general,not_stated,none_mentioned,not_stated,ผู้แสดงความคิดเห็นระบุพฤติกรรมเสี่ยงว่าเกิดจากการนอนดึก ความเครียดจากการทำงาน และน้ำหนักตัวเยอะ,0.95,
c0100,ดื่มหนัก สูบจัด กินน้ำน้อย,26,risk_opinion,alcohol|smoking|other_risk,alcohol,ดื่มหนัก | สูบจัด | กินน้ำน้อย,general,not_stated,none_mentioned,not_stated,ระบุพฤติกรรมเสี่ยงมะเร็งว่าคือการดื่มแอลกอฮอล์หนัก สูบบุหรี่จัด และดื่มน้ำน้อย,0.9,
c0101,,333,risk_opinion,stress|poor_sleep|other_risk,stress,ความเครียด | ร่างกายมันเครียดเพราะ ทำอะไรๆมากเกินไป | ออกกำลังมากไป ร้างกายรับไม่ไหว | เคร่งครัดกับการกินมากไป | นอนน้อยไปก้ไม่ดี ไม่มีสมดุล,general,not_stated,advice_to_others,not_stated,ผู้แสดงความคิดเห็นแนะนำการตรวจ DNA เพื่อปรับการใช้ชีวิต และระบุว่าความเครียดทางกายจากการทำอะไรเกินพอดี เช่น ออกกำลังกายมากไป เคร่งครัดการกินเกินไป หรือนอนน้อย/นอนมากเกินไปจนขาดสมดุลเป็นปัจจัยเสี่ยง,0.85,
c0102,เครียดนอนดึกค่ะ,15,risk_opinion,stress|poor_sleep,stress,เครียด | นอนดึก,general,not_stated,none_mentioned,not_stated,ผู้แสดงความเห็นระบุว่าความเครียดและการนอนดึกเป็นพฤติกรรมเสี่ยง,0.92,
c0104,นอนดึก ทำงานไม่ลืมหูลืมตา เครียดกับคน เครียดกับงาน ป่วยเป็นมะเร็งตอนอายุ30ปี,76,personal_story,poor_sleep|overwork|stress,poor_sleep,นอนดึก | ทำงานไม่ลืมหูลืมตา | เครียดกับคน | เครียดกับงาน,self,unspecified,none_mentioned,not_stated,ผู้แสดงความคิดเห็นเล่าว่าตนเองป่วยเป็นมะเร็งตอนอายุ 30 ปี โดยมีพฤติกรรมนอนดึก ทำงานหนัก และมีความเครียดทั้งเรื่องคนและเรื่องงาน,0.92,
c0105,เครียด นอนไม่หลับพักผ่อนน้อย,28,risk_opinion,stress|poor_sleep|overwork,stress,เครียด | นอนไม่หลับ | พักผ่อนน้อย,general,not_stated,none_mentioned,not_stated,ผู้แสดงความคิดเห็นระบุว่าความเครียด การนอนไม่หลับ และการพักผ่อนน้อยเป็นสาเหตุหรือพฤติกรรมเสี่ยง,0.9,
c0106,เครียด กินของค้างในตู้เย็น มะเร็งลำไส้ค่าาาา,44,risk_opinion,stress|reheated_leftover,stress,เครียด | กินของค้างในตู้เย็น,general,colorectal,none_mentioned,not_stated,ผู้แสดงความคิดเห็นระบุว่าความเครียดและการรับประทานอาหารค้างในตู้เย็นทำให้เสี่ยงเป็นมะเร็งลำไส้,0.85,
c0107,"ตรวจยีนส์แล้ว ไม่พบค่ะ
แต่ตอนนั้นคือ
1.เครียดสะสมตลอดช่วงโควิด
2.ไม่ระวังเรื่องการกิน ที่ทานประจำคือของหวานและของทอด
3.นอนดึก(นอนไม่หลับ) ด้วยเพราะเครียดติดต่อกันเป็นปี",168,personal_story,stress|sugary_drinks|fried_fatty|poor_sleep,stress,เครียดสะสมตลอดช่วงโควิด | ของหวาน | ของทอด | นอนดึก(นอนไม่หลับ),self,not_stated,screening_checkup,not_stated,ผู้แสดงความเห็นเล่าประสบการณ์ตนเองว่าตรวจยีนแล้วไม่พบ แต่ช่วงนั้นมีพฤติกรรมเสี่ยงคือเครียดสะสม ทานของหวานและของทอดเป็นประจำ และนอนดึกนอนไม่หลับ,0.88,
c0108,เครียด พักผ่อนน้อย กินอาหารหมักดอง,34,risk_opinion,stress|overwork|fermented_pickled,stress,เครียด | พักผ่อนน้อย | กินอาหารหมักดอง,general,not_stated,none_mentioned,not_stated,ระบุว่าความเครียด การพักผ่อนน้อย และการรับประทานอาหารหมักดองเป็นปัจจัยเสี่ยงของการเกิดมะเร็ง,0.9,
c0109,ส่วนตัวเครียด นอนน้อย เป็นหลักค่ะ ส่วนเรื่องพฤติกรรมอื่นๆนิดๆหน่อยๆค่ะ,70,risk_opinion,stress|poor_sleep,stress,เครียด | นอนน้อย,self,not_stated,none_mentioned,not_stated,ผู้แสดงความเห็นระบุว่าพฤติกรรมเสี่ยงหลักของตนเองคือความเครียดและการนอนน้อย ส่วนพฤติกรรมอื่น ๆ มีเพียงเล็กน้อย,0.92,
c0110,พี่สาวท้องผูกเรื้อรังค่ะ,24,risk_opinion,irregular_bowel,irregular_bowel,ท้องผูกเรื้อรัง,family,not_stated,none_mentioned,not_stated,ผู้แสดงความคิดเห็นระบุว่าพี่สาวมีอาการท้องผูกเรื้อรัง,0.85,
c0111,ชอบกินปิ้งย่าง นอนน้อย เครียด ค่ะ,33,risk_opinion,grilled_charred|poor_sleep|stress,grilled_charred,ชอบกินปิ้งย่าง | นอนน้อย | เครียด,self,not_stated,none_mentioned,not_stated,ผู้แสดงความคิดเห็นระบุพฤติกรรมเสี่ยงของตนเอง ได้แก่ ชอบรับประทานอาหารปิ้งย่าง นอนน้อย และมีความเครียด,0.95,
c0112,น้ำอัดลมหนักมาก เครียด,22,risk_opinion,sugary_drinks|stress,sugary_drinks,น้ำอัดลมหนักมาก | เครียด,general,not_stated,none_mentioned,not_stated,ระบุว่าการดื่มน้ำอัดลมอย่างหนักและความเครียดเป็นพฤติกรรมเสี่ยง,0.95,
c0113,ชอบปิ้งย่าง ทำอาหารจะใส่น้ำมันเยาะมาก ไม่ค่อยออกกำลังกายค่ะ,59,risk_opinion,grilled_charred|fried_fatty|no_exercise,grilled_charred,ชอบปิ้งย่าง | ทำอาหารจะใส่น้ำมันเยาะมาก | ไม่ค่อยออกกำลังกาย,self,not_stated,none_mentioned,not_stated,ผู้แสดงความคิดเห็นระบุพฤติกรรมความเสี่ยงของตนเองว่าชอบรับประทานปิ้งย่าง ทำอาหารใส่น้ำมันมาก และไม่ค่อยออกกำลังกาย,0.92,
c0115,กินของสะอาด ดูแลสุขภาพดีมาก พักผ่อนน้อยและอาหารแปรรูปชอบจ้า,59,risk_opinion,overwork|processed_meat,overwork,พักผ่อนน้อย | อาหารแปรรูป,self,not_stated,none_mentioned,not_stated,ผู้แสดงความเห็นระบุว่าตนเองกินอาหารสะอาดและดูแลสุขภาพดี แต่พักผ่อนน้อยและชอบรับประทานอาหารแปรรูป,0.85,
c0116,ชอบเล่นแอล,10,risk_opinion,alcohol,alcohol,ชอบเล่นแอล,self,not_stated,none_mentioned,not_stated,ผู้แสดงความคิดเห็นระบุว่าชอบดื่มแอลกอฮอล์ (เล่นแอล) ซึ่งเป็นพฤติกรรมของตนเอง,0.8,
c0117,การกินก็ส่วนนึง แต่คิดว่าหลักๆมักมาจากความเครียดจากที่ทำงานค่ะ,62,risk_opinion,stress|unhealthy_diet_general,stress,การกิน | ความเครียดจากที่ทำงาน,general,not_stated,none_mentioned,not_stated,ผู้แสดงความคิดเห็นระบุว่าการกินเป็นส่วนหนึ่ง แต่คิดว่าสาเหตุหลักมาจากความเครียดจากการทำงาน,0.92,
c0118,พ่อเป็นมะเร็งกระเพาะอาหาร เพราะกินข้าวไม่ตรงเวลาค่ะ บางวัน เช้าเที่ยง ไม่กินเลย ทำให้กระเพาะเป็นแผล และเป็นมะเร็ง,113,personal_story,irregular_meals,irregular_meals,กินข้าวไม่ตรงเวลา | เช้าเที่ยง ไม่กินเลย,family,stomach,none_mentioned,not_stated,พ่อของผู้แสดงความคิดเห็นเป็นมะเร็งกระเพาะอาหาร โดยระบุว่ามีสาเหตุมาจากการกินข้าวไม่ตรงเวลาและอดอาหารมื้อเช้าและเที่ยง,0.95,
c0119,เครียดไม่รู้ตัวค่ะ ตอนนี้ไม่เครียดค่ะ ปล่อยไหล55,48,risk_opinion,stress,stress,เครียดไม่รู้ตัว,self,not_stated,none_mentioned,not_stated,ผู้แสดงความคิดเห็นระบุว่าตนเองมีความเครียดโดยไม่รู้ตัว แต่ปัจจุบันไม่เครียดแล้วและปล่อยวาง,0.85,
c0121,นอนดึก เครียด ทำงานหักโหมค่ะ,28,risk_opinion,poor_sleep|stress|overwork,poor_sleep,นอนดึก | เครียด | ทำงานหักโหม,general,not_stated,none_mentioned,not_stated,ระบุว่าการนอนดึก ความเครียด และการทำงานหักโหมเป็นพฤติกรรมเสี่ยง,0.95,
c0122,ทำแต่งานจนลืมดูแลตัวเองค่ะ,26,risk_opinion,overwork,overwork,ทำแต่งานจนลืมดูแลตัวเอง,general,not_stated,none_mentioned,not_stated,ผู้แสดงความเห็นระบุว่าการทำแต่งานจนลืมดูแลตัวเองเป็นพฤติกรรมเสี่ยง โดยไม่ได้เล่าเคสเฉพาะเจาะจง,0.85,
c0123,จัดการเรื่องกินได้คะ แต่จัดการเรื่องเครียดไม่ได้,48,risk_opinion,stress,stress,จัดการเรื่องเครียดไม่ได้,self,not_stated,none_mentioned,not_stated,ผู้แสดงความคิดเห็นระบุว่าสามารถควบคุมเรื่องการกินได้ แต่ไม่สามารถจัดการกับความเครียดได้,0.85,
c0124,เสียพ่อจากมะเร็งลำไส้ตอนอายุ 59 ปี พ่อชอบกินเนื้อสัตว์ ไม่ค่อยกินผักผลไม้ กินบะหมี่กึ่งสำเร็จรูป กาแฟ ไม่ออกกำลังกาย สูบบุหรี่จัดและดื่มเหล้าหนักตั้งแต่หนุ่มๆ,158,personal_story,unhealthy_diet_general|low_veg_fibre|processed_meat|sugary_drinks|no_exercise|smoking|alcohol,unhealthy_diet_general,ชอบกินเนื้อสัตว์ | ไม่ค่อยกินผักผลไม้ | กินบะหมี่กึ่งสำเร็จรูป | กาแฟ | ไม่ออกกำลังกาย | สูบบุหรี่จัด | ดื่มเหล้าหนักตั้งแต่หนุ่มๆ,family,colorectal,none_mentioned,died,ผู้แสดงความคิดเห็นเล่าว่าคุณพ่อเสียชีวิตด้วยโรคมะเร็งลำไส้ในวัย 59 ปี โดยมีพฤติกรรมชอบทานเนื้อสัตว์ ไม่ค่อยทานผักผลไม้ ทานบะหมี่กึ่งสำเร็จรูป กาแฟ ไม่ออกกำลังกาย สูบบุหรี่จัด และดื่มสุราหนักมาตั้งแต่หนุ่ม ๆ,0.95,
c0125,พี่ที่ทำงาน กินผักลวก ผักสด ต้มหรือแกงจืด ไม่ทานเผ็ด บุหรี่ไม่สูบ เหล้าไม่กิน ไม่เที่ยวกลางคืน ตกเย็นเดินออกกำลังกาย ป่วยและเสียชีวิตเพราะมะเร็งตอนอายุ 55 ครับ,159,personal_story,none_mentioned,none_mentioned,,friend,unspecified,none_mentioned,died,เพื่อนร่วมงานมีพฤติกรรมสุขภาพดี ทานผัก ออกกำลังกาย ไม่สูบบุหรี่และไม่ดื่มเหล้า แต่ป่วยและเสียชีวิตด้วยโรคมะเร็งเมื่ออายุ 55 ปี,0.95,
c0126,กินมาม่าเยอะนี้เสี่ยงเป็นใช้ไหมครับ +กับเครียดมากๆ นอนน้อย,58,risk_opinion,processed_meat|stress|poor_sleep,processed_meat,กินมาม่าเยอะ | เครียดมากๆ | นอนน้อย,general,not_stated,none_mentioned,not_stated,ผู้แสดงความคิดเห็นสอบถามว่าการกินบะหมี่กึ่งสำเร็จรูปเยอะ ร่วมกับความเครียดมากและนอนน้อย เสี่ยงเป็นมะเร็งหรือไม่,0.88,
c0127,เครียด,6,risk_opinion,stress,stress,เครียด,general,not_stated,none_mentioned,not_stated,ผู้แสดงความคิดเห็นระบุว่าความเครียดเป็นสาเหตุของความเสี่ยงต่อการเกิดมะเร็ง,0.85,
c0128,"ไม่รู้เกี่ยวมั้ยนะคะ
ดื่มน้ำน้อย ถ่ายไม่เป็นเวลา ท้องผูก เผาผลาญไม่ดี ออกกำลังกายน้อย นานๆก็กิน อาหารแปรรูปบ้าง พวกของดิบบ้าง (ปลาดิบ กุ้งแช่น้ำปลา) กินผักน้อย และฉีดวัคซีนโควิคค่ะ
ไม่รอดเลย",190,risk_opinion,other_risk|irregular_bowel|no_exercise|processed_meat|raw_undercooked|low_veg_fibre,other_risk,ดื่มน้ำน้อย | ถ่ายไม่เป็นเวลา | ท้องผูก | เผาผลาญไม่ดี | ออกกำลังกายน้อย | อาหารแปรรูปบ้าง | พวกของดิบบ้าง (ปลาดิบ กุ้งแช่น้ำปลา) | กินผักน้อย | ฉีดวัคซีนโควิค,self,not_stated,none_mentioned,not_stated,ผู้แสดงความคิดเห็นระบุพฤติกรรมและความเสี่ยงของตนเอง เช่น ดื่มน้ำน้อย ขับถ่ายไม่เป็นเวลา ท้องผูก ออกกำลังกายน้อย ทานอาหารแปรรูป ของดิบ ผักน้อย และการฉีดวัคซีนโควิด,0.85,medical_misinformation
c0129,แม่แฟนเก่าผมอ่ะกินดีมากเลยทั้งผักทั้งอะไรบำรุงร่างกายตลอดแต่จู่ๆมาเจอเป็นมะเร็งลำไส้เฉยเลยผมก็ไม่รู้เหมือนกันตรวจก็แล้วอะไรก็แล้วพยายามรักษาอยู่ 2-3 ปีสุดท้ายก็ทนไม่ไหว แต่ตัวผมเอาทุกอย่าง555,191,personal_story,none_mentioned,none_mentioned,,friend,colorectal,screening_checkup,died,แม่ของแฟนเก่าดูแลสุขภาพและทานผักบำรุงร่างกายดีแต่ป่วยเป็นมะเร็งลำไส้ รักษาอยู่ 2-3 ปีจนเสียชีวิต,0.88,
c0131,กินชากาแฟวันละ2แก้วขึ้นไป กินเผ็ดมากๆ,37,risk_opinion,sugary_drinks|strong_flavour,sugary_drinks,กินชากาแฟวันละ2แก้วขึ้นไป | กินเผ็ดมากๆ,general,not_stated,none_mentioned,not_stated,ผู้แสดงความคิดเห็นระบุพฤติกรรมการดื่มชากาแฟวันละ 2 แก้วขึ้นไป และการรับประทานอาหารรสเผ็ดจัด,0.9,
c0132,ชอบกินอาหารค้าง เสียดายของ,26,risk_opinion,reheated_leftover,reheated_leftover,กินอาหารค้าง,general,not_stated,none_mentioned,not_stated,ระบุพฤติกรรมชอบกินอาหารค้างคืนเนื่องจากความเสียดายของ,0.9,
c0133,[ชื่อ] ตัวอาจจะต้องปรับพฤติกรรมการกินบ้างแล้วแหละ,49,advice_info,unhealthy_diet_general,unhealthy_diet_general,พฤติกรรมการกิน,friend,not_stated,none_mentioned,not_stated,ผู้แสดงความคิดเห็นแท็กเพื่อนและบอกว่าอาจจะต้องปรับเปลี่ยนพฤติกรรมการกินได้แล้ว,0.8,
c0134,ขอแชร์แม่ตัวเอง ก่อนจะเป็นมะเร็งชอบกินยาลดความอ้วน,50,personal_story,hormones_meds,hormones_meds,ชอบกินยาลดความอ้วน,family,unspecified,none_mentioned,not_stated,ผู้แสดงความคิดเห็นแชร์เรื่องแม่ของตนเองซึ่งเป็นมะเร็ง โดยระบุว่าก่อนหน้านี้ชอบรับประทานยาลดความอ้วน,0.9,
c0135,,208,personal_story,none_mentioned,none_mentioned,,family,unspecified,screening_checkup,died,ผู้แสดงความเห็นสอบถามเกี่ยวกับการตรวจสุขภาพเนื่องจากมีอาการอ่อนเพลียและเหงื่อออกมาก พร้อมระบุว่ามีญาติเพิ่งเสียชีวิตจากมะเร็งและปู่เป็นมะเร็งระยะสุดท้าย,0.85,
c0136,"การตรวจสุขภาพประจำปี ทุกปี
ยิ่งโดยเฉพาะถ้าคนในบ้านมีประวัติ ก็ยิ่งควรตรวจคัดกรองค่ะ",83,advice_info,genetic_family,genetic_family,คนในบ้านมีประวัติ,general,not_stated,advice_to_others,not_stated,แนะนำให้ตรวจสุขภาพประจำปีสม่ำเสมอ และเน้นย้ำให้ตรวจคัดกรองโดยเฉพาะหากคนในครอบครัวมีประวัติเจ็บป่วย,0.85,
c0137,เครียดค่ะ,9,risk_opinion,stress,stress,เครียด,general,not_stated,none_mentioned,not_stated,ผู้แสดงความคิดเห็นระบุว่าความเครียดเป็นสาเหตุหรือปัจจัยเสี่ยงของการเกิดมะเร็ง,0.9,
c0138,แล้วทำยังไงถึงจะไม่เครียด ทุกวันนี้สิ่งที่เครียดคืองาน แต่ถ้าไม่ทำงานก็จะไม่มีเงินอีก ลักษณะงานที่ทำ ก็ไม่สามารถควบคุมชีวิตตัวเองได้ขนาดนั้นเลย,143,risk_opinion,stress,stress,เครียด | สิ่งที่เครียดคืองาน,self,not_stated,none_mentioned,not_stated,ผู้แสดงความเห็นกล่าวถึงความเครียดจากงานที่ทำและความจำเป็นเรื่องรายได้ โดยระบุว่าไม่สามารถควบคุมชีวิตการทำงานเพื่อหลีกเลี่ยงความเครียดได้,0.85,
c0139,,346,personal_story,sugary_drinks|no_exercise|stress|low_veg_fibre,sugary_drinks,กินแต่ขนมบ้าบิ่นกับกล้วยเบรกแตกทุกวัน | ไม่ค่อยได้ออกกำลังกาย | ทำงานเครียด | กินผักผลไม้ไม่ได้เลย,self,breast,none_mentioned,not_stated,ผู้แสดงความคิดเห็นเล่าประสบการณ์ตนเอง ช่วงหนึ่งกินขนมหวานทุกวัน ไม่ออกกำลังกาย ทำงานเครียด และไม่กินผักผลไม้ สองปีต่อมาตรวจพบก้อนที่เต้านมกลายเป็นมะเร็ง,0.92,
c0140,,368,personal_story,processed_meat,processed_meat,อาหารแปรรูป | ลูกชิ้น | ไส้กรอก | แฮม | เบค่อน,self,kidney,screening_checkup|advice_to_others,remission,ผู้แสดงความคิดเห็นเล่าว่าตนเองตรวจสุขภาพพบมะเร็งที่ไตระยะเริ่มต้นและรักษาหายแล้ว โดยเชื่อว่ามีสาเหตุจากการชอบรับประทานอาหารแปรรูป เช่น ลูกชิ้น ไส้กรอก แฮม และเบคอน เนื่องจากผลตรวจพันธุกรรมระบุว่าไม่เกี่ยวข้องกับกรรมพันธุ์,0.95,
c0141,น้ำตาลค่ะ แล้วก้ปัจจัยอื่นๆ,27,risk_opinion,sugary_drinks,sugary_drinks,น้ำตาล,general,not_stated,none_mentioned,not_stated,ผู้แสดงความคิดเห็นระบุว่าน้ำตาลและปัจจัยอื่นๆ เป็นสาเหตุของความเสี่ยง,0.85,
c0142,บุญกรรมนำพา ครับ,16,risk_opinion,other_risk,other_risk,บุญกรรมนำพา,general,not_stated,none_mentioned,not_stated,ผู้แสดงความคิดเห็นระบุว่าการเกิดโรคขึ้นอยู่กับบุญกรรมนำพา,0.65,
c0143,กินดี ออกกำลังกายตลอด แต่เป็นคนอารมณ์ร้อน ชอบเครียดและโมโหง่าย,62,risk_opinion,stress,stress,อารมณ์ร้อน | ชอบเครียดและโมโหง่าย,self,not_stated,none_mentioned,not_stated,ผู้แสดงความคิดเห็นระบุว่าแม้จะรับประทานอาหารดีและออกกำลังกายสม่ำเสมอ แต่เป็นคนอารมณ์ร้อน เครียด และโมโหง่าย,0.9,
c0144,"ลูกพี่ดื่มน้ำอัดลม ตอนเช้าบ่อยๆ รู้ตัวอีกทีมีก้อนเนื้อ ผ่าออกเป็นมะเร็งต่อ
ตอนนี้ท่านเสียแล้วครับ
แกเป็นคนน่ารักมาก",115,personal_story,sugary_drinks,sugary_drinks,ดื่มน้ำอัดลม ตอนเช้าบ่อยๆ,family,unspecified,surgery,died,ลูกพี่ของผู้แสดงความเห็นดื่มน้ำอัดลมตอนเช้าเป็นประจำ ตรวจพบก้อนเนื้อและผ่าตัดพบว่าเป็นมะเร็ง ปัจจุบันเสียชีวิตแล้ว,0.92,
c0145,ชอบกินอาหารหมักดองมากๆ กินทุกวันก็ว่าได้ ผักดอง ปลาร้า เครียด,61,risk_opinion,fermented_pickled|stress,fermented_pickled,ชอบกินอาหารหมักดองมากๆ กินทุกวันก็ว่าได้ ผักดอง ปลาร้า | เครียด,self,not_stated,none_mentioned,not_stated,ผู้แสดงความคิดเห็นระบุพฤติกรรมตนเองว่าชอบกินอาหารหมักดอง เช่น ผักดอง ปลาร้า เป็นประจำแทบทุกวัน และมีความเครียด,0.92,
c0146,คุณแม่ของผม เป็นกรรมพันธุ์จากพี่สาวครับแต่ก่อนที่จะเป็นมีการกินหมูกระทะบ่อยมากๆครับคิดว่าอาจจะจากสาเหตุนั้นด้วย ของมันชาบูของทอดครับ,132,personal_story,genetic_family|grilled_charred|fried_fatty,genetic_family,กรรมพันธุ์ | กินหมูกระทะบ่อยมากๆ | ของมัน | ชาบู | ของทอด,family,unspecified,none_mentioned,not_stated,แม่ของผู้แสดงความคิดเห็นป่วยโดยระบุว่ามีประวัติกรรมพันธุ์จากพี่สาว และมีพฤติกรรมชอบทานหมูกระทะบ่อยมาก รวมถึงของมัน ชาบู และของทอด,0.9,
c0147,"บางทีพยายามกินอาหารคลีน อาหารสด อาหารธรรมชาติ
แต่ก็ไม่รู้ความสะอาด ความบริสุทธิ์ ความออร์แกนิค จริงๆ
อาจมีสารเคมี มีเชื้อรา มีพยาธิ มีเชื้อโรค จุลินทรีย์ ปะปนโดยที่เราไม่รู้ตัวเลย ..",182,risk_opinion,chemicals|infection,chemicals,สารเคมี | เชื้อรา | พยาธิ | เชื้อโรค | จุลินทรีย์,general,not_stated,none_mentioned,not_stated,ผู้แสดงความคิดเห็นระบุถึงความเสี่ยงจากการรับประทานอาหารสดหรืออาหารคลีนที่อาจมีการปนเปื้อนของสารเคมี เชื้อรา พยาธิ และเชื้อโรคโดยไม่รู้ตัว,0.85,
c0148,ไม่นอนดึก,9,advice_info,none_mentioned,none_mentioned,,general,not_stated,none_mentioned,not_stated,ผู้แสดงความคิดเห็นระบุสั้น ๆ ว่าไม่นอนดึก โดยเป็นการปฏิเสธพฤติกรรมเสี่ยง,0.65,too_short_to_judge
c0150,,264,personal_story,low_veg_fibre|processed_meat|fried_fatty|grilled_charred,low_veg_fibre,ไม่ชอบทานผักผลไม้ | อาหารแปรรูปทุกประเภท อาทิเช่น ไส้กรอก Hotdog ลูกชิ้น | ของทอดกรอบๆ แคปหมู | อาหารปิ้งย่าง,friend,colorectal,none_mentioned,died,คนใกล้ตัวของผู้แสดงความเห็นเสียชีวิตจากมะเร็งลำไส้ โดยมีพฤติกรรมไม่ชอบทานผักผลไม้ ชอบทานอาหารแปรรูป ของทอด และอาหารปิ้งย่าง,0.95,
c0151,พักผ่อนน้อง ไม่เคยสนใจอะไรรอบตัวคิดว่าตัวเองแข็งแรง และสาเหตุที่ได้รับเต็มๆ เหยียบหลอดไปนีออนจนแก้วปักที่เท้า ต้องไปคว้านเย็บเลยคะ,130,risk_opinion,overwork|chemicals|other_risk,overwork,พักผ่อนน้อง | เหยียบหลอดไปนีออนจนแก้วปักที่เท้า,self,not_stated,surgery,not_stated,ผู้แสดงความเห็นระบุว่าพักผ่อนน้อย ไม่ใส่ใจสุขภาพ และเล่าเหตุการณ์เหยียบหลอดไฟนีออนจนแก้วปักเท้าต้องไปคว้านเย็บแผล,0.65,ambiguous
c0152,นอนดึก ตี 3 ตี 4 แทบทุกวันค่ะ,29,risk_opinion,poor_sleep,poor_sleep,นอนดึก ตี 3 ตี 4 แทบทุกวัน,self,not_stated,none_mentioned,not_stated,ผู้แสดงความคิดเห็นระบุพฤติกรรมนอนดึกถึงตี 3 ตี 4 แทบทุกวัน ซึ่งเป็นพฤติกรรมของตนเองโดยไม่ได้ระบุว่าเป็นมะเร็งชนิดใด,0.9,
c0153,สูบพอตเลิกไม่ได้สักที,21,risk_opinion,smoking,smoking,สูบพอต,self,not_stated,none_mentioned,not_stated,ผู้แสดงความคิดเห็นระบุพฤติกรรมสูบพอต (บุหรี่ไฟฟ้า) ของตนเองว่าไม่สามารถเลิกได้,0.88,
c0154,อยู่เชียงใหม่,13,risk_opinion,pollution,pollution,อยู่เชียงใหม่,self,not_stated,none_mentioned,not_stated,ผู้แสดงความคิดเห็นระบุว่าการอาศัยอยู่ในเชียงใหม่เป็นความเสี่ยงของการเกิดมะเร็ง ซึ่งสื่อถึงปัญหามลพิษทางอากาศและฝุ่น PM2.5,0.75,
c0155,"คงเป็นเพราะไม่ดูแลตัวเอง
* ทำงานทุกวัน อาจจะไม่เครียดแต่เราเองอาจจะสะสมความเครียดแบบไม่รู้ตัว
* กินของหวาน ของมัน ของย่าง เดิมๆ
รู้ตัวอีกที่ก็มี น้อง ม.เป็นของตัวเอง",165,personal_story,overwork|stress|sugary_drinks|fried_fatty|grilled_charred,overwork,ไม่ดูแลตัวเอง | ทำงานทุกวัน | สะสมความเครียดแบบไม่รู้ตัว | ของหวาน | ของมัน | ของย่าง,self,unspecified,none_mentioned,not_stated,ผู้แสดงความคิดเห็นเล่าว่าตนเองป่วยเป็นมะเร็ง โดยคาดว่าเกิดจากการไม่ดูแลตัวเอง ทำงานทุกวัน สะสมความเครียด และรับประทานของหวาน ของมัน ของย่างเป็นประจำ,0.88,
c0156,โรคสุ่ม environment มีผลกระตุ้น จริง ๆ แค่เซลล์ mutant ก็เป็นอยู่ดี,67,risk_opinion,other_risk,other_risk,environment มีผลกระตุ้น,general,not_stated,none_mentioned,not_stated,ผู้แสดงความคิดเห็นมองว่ามะเร็งเป็นโรคที่มีความสุ่ม โดยสิ่งแวดล้อมมีผลช่วยกระตุ้น แต่เพียงแค่เซลล์กลายพันธุ์ก็เกิดขึ้นได้เอง,0.8,
c0160,ทุกอย่างเริ่มจากความเครียด ความเครียด คือปัญหาครับผม,52,risk_opinion,stress,stress,ความเครียด,general,not_stated,none_mentioned,not_stated,ผู้แสดงความคิดเห็นระบุว่าทุกอย่างเริ่มต้นจากความเครียด และมองว่าความเครียดคือต้นเหตุของปัญหา,0.95,
c0161,ความเครียด อาหารแปรรูป ไม่ออกกำลังกาย พักผ่อนน้อย,49,risk_opinion,stress|processed_meat|no_exercise|overwork,stress,ความเครียด | อาหารแปรรูป | ไม่ออกกำลังกาย | พักผ่อนน้อย,general,not_stated,none_mentioned,not_stated,ผู้แสดงความคิดเห็นระบุว่าความเครียด อาหารแปรรูป การไม่ออกกำลังกาย และการพักผ่อนน้อย เป็นพฤติกรรมที่เสี่ยงต่อการเกิดมะเร็ง,0.95,
c0162,,301,personal_story,processed_meat|fried_fatty|low_veg_fibre|stress,processed_meat,มาม่า | อาหารสำเร็จรูป | ไส้กรอก | แฮม | ของทอดทุกชนิด | ผักไม่ค่อยทาน | ซีเรียส เรื่องงาน | เครียดทุกอย่าง | คิดมาก,self,breast,none_mentioned,not_stated,ผู้แสดงความคิดเห็นเล่าว่าตนเองเป็นมะเร็งเต้านมเมื่ออายุ 44 ปี แม้ไม่ดื่มเหล้าไม่สูบบุหรี่ แต่มักกินบะหมี่กึ่งสำเร็จรูป อาหารสำเร็จรูป ไส้กรอก แฮม ของทอด กินผักน้อย และมีความเครียดสูงเรื่องงาน,0.92,
c0163,พักผ่อนน้อย,11,risk_opinion,overwork,overwork,พักผ่อนน้อย,general,not_stated,none_mentioned,not_stated,ผู้แสดงความคิดเห็นระบุว่าการพักผ่อนน้อยเป็นพฤติกรรมเสี่ยงที่ทำให้เกิดมะเร็ง,0.88,
c0164,เครียด. นอนดึก. กินอาหารแปรรูปเยอะ. ทำงานหนัก. พักผ่อนน้อย.,59,risk_opinion,stress|poor_sleep|processed_meat|overwork,stress,เครียด | นอนดึก | กินอาหารแปรรูปเยอะ | ทำงานหนัก | พักผ่อนน้อย,general,not_stated,none_mentioned,not_stated,ผู้แสดงความคิดเห็นระบุพฤติกรรมเสี่ยงที่เชื่อว่าก่อให้เกิดมะเร็ง ได้แก่ ความเครียด นอนดึก กินอาหารแปรรูป และทำงานหนักพักผ่อนน้อย,0.95,
c0165,ใช้ชีวิตยังไงให้ไม่เครียดหรอคะ เริ่มกลัว,40,risk_opinion,stress,stress,เครียด,self,not_stated,none_mentioned,not_stated,ผู้แสดงความคิดเห็นสอบถามวิธีใช้ชีวิตไม่ให้เครียดเนื่องจากเริ่มรู้สึกกลัว,0.85,
c0166,อย่าลืมไขมันด้วยนะครับ ตัวกระตุ้นการอักเสบเลย,45,risk_opinion,fried_fatty,fried_fatty,ไขมัน,general,not_stated,none_mentioned,not_stated,ผู้แสดงความคิดเห็นเตือนเรื่องไขมันว่าเป็นตัวกระตุ้นการอักเสบ,0.85,
c0167,,889,advice_info,none_mentioned,none_mentioned,,general,not_stated,none_mentioned,not_stated,ให้ข้อมูลและคำแนะนำในการลดความเสี่ยงมะเร็งตามงานวิจัยของ WHO โดยเน้นการปรับเปลี่ยนพฤติกรรมการใช้ชีวิตและการตรวจสุขภาพ,0.95,
c0168,กินยาระบายเป็นหลัก ไม่สร้างวินัยในการขับถ่าย,44,risk_opinion,hormones_meds|irregular_bowel,hormones_meds,กินยาระบายเป็นหลัก | ไม่สร้างวินัยในการขับถ่าย,general,not_stated,none_mentioned,not_stated,แสดงความคิดเห็นว่าการพึ่งพายาระบายเป็นหลักและไม่สร้างวินัยในการขับถ่ายเป็นพฤติกรรมเสี่ยง,0.88,
c0169,กินของค้างคืน แล้วมาเวฟใหม่,27,risk_opinion,reheated_leftover,reheated_leftover,กินของค้างคืน แล้วมาเวฟใหม่,general,not_stated,none_mentioned,not_stated,ผู้แสดงความคิดเห็นระบุว่าการกินอาหารค้างคืนแล้วนำมาอุ่นไมโครเวฟใหม่เป็นพฤติกรรมเสี่ยง,0.95,
c0172,กินบุฟเฟ่ต์บ่อยมาก เครียดง่าย นอนน้อย สูดpm2.5 ทุกวัน,53,risk_opinion,unhealthy_diet_general|stress|poor_sleep|pollution,unhealthy_diet_general,กินบุฟเฟ่ต์บ่อยมาก | เครียดง่าย | นอนน้อย | สูดpm2.5 ทุกวัน,general,not_stated,none_mentioned,not_stated,ระบุพฤติกรรมเสี่ยงว่ากินบุฟเฟต์บ่อย เครียดง่าย นอนน้อย และสูดดมฝุ่น PM2.5 ทุกวัน,0.85,
c0173,,423,personal_story,stress,stress,เครียด | ทุกคนเป็นก็เพราะเครียด,self,unspecified,screening_checkup|faith_spiritual,not_stated,ผู้แสดงความคิดเห็นกำลังรอผลตรวจทางการแพทย์จากการส่องกล้องและเข้าอุโมงค์ โดยมีภาวะเครียดและมองว่าความเครียดเป็นสาเหตุที่ทำให้คนส่วนใหญ่ป่วย จึงพยายามสวดมนต์และผ่อนคลายจิตใจ,0.85,
c0174,เครียดครับ,10,risk_opinion,stress,stress,เครียด,general,not_stated,none_mentioned,not_stated,ผู้แสดงความคิดเห็นระบุว่าความเครียดเป็นสาเหตุ,0.85,
c0176,วันๆทำแต่งานไม่หลับไม่นอน,25,risk_opinion,overwork|poor_sleep,overwork,วันๆทำแต่งาน | ไม่หลับไม่นอน,general,not_stated,none_mentioned,not_stated,ระบุพฤติกรรมเสี่ยงคือการทำงานหนักทั้งวันและอดนอนไม่ยอมหลับนอน,0.95,
c0177,"1.เครียด
2.นอนน้อย",18,risk_opinion,stress|poor_sleep,stress,เครียด | นอนน้อย,general,not_stated,none_mentioned,not_stated,ผู้แสดงความคิดเห็นระบุพฤติกรรมเสี่ยงคือความเครียดและการนอนน้อย,0.95,
c0178,ฉีดวัคซีนโควิด,14,risk_opinion,other_risk,other_risk,ฉีดวัคซีนโควิด,general,not_stated,none_mentioned,not_stated,ผู้แสดงความคิดเห็นระบุว่าการฉีดวัคซีนโควิดเป็นสาเหตุหรือปัจจัยเสี่ยงของการเกิดมะเร็ง,0.85,medical_misinformation
c0179,ของแปรรูป ไส้กรอก ลูกชิ้น กับข้าวที่แช่ค้างคืนในตู้เย็น เอามาอุ่นกิน,68,risk_opinion,processed_meat|reheated_leftover,processed_meat,ของแปรรูป | ไส้กรอก | ลูกชิ้น | กับข้าวที่แช่ค้างคืนในตู้เย็น เอามาอุ่นกิน,general,not_stated,none_mentioned,not_stated,ผู้แสดงความคิดเห็นระบุพฤติกรรมเสี่ยงคือการรับประทานอาหารแปรรูป ไส้กรอก ลูกชิ้น และการนำกับข้าวค้างคืนในตู้เย็นมาอุ่นซ้ำ,0.95,
c0180,ความเครียดมาเป็นอันดับ1 เลย,27,risk_opinion,stress,stress,ความเครียด,general,not_stated,none_mentioned,not_stated,ผู้แสดงความคิดเห็นระบุว่าความเครียดเป็นสาเหตุหรือปัจจัยเสี่ยงอันดับหนึ่ง,0.95,
c0181,ความเครียดอันดับ 1 กรณีเกิดขึ้นกับตัวเองค่ะ ดูแลร่างกายให้ดีนะคะทุกคนและที่สำคัญอย่าลืมรักษาสภาพจิตใจตัวเองด้วยค่ะ,114,personal_story,stress,stress,ความเครียด,self,unspecified,advice_to_others,not_stated,ผู้แสดงความคิดเห็นระบุว่าความเครียดเป็นสาเหตุอันดับ 1 จากประสบการณ์ที่เกิดกับตัวเอง พร้อมทั้งเตือนให้ทุกคนดูแลร่างกายและรักษาสภาพจิตใจ,0.88,
c0182,,414,personal_story,smoke_fumes_home|pollution|stress|genetic_family|no_exercise|overwork,smoke_fumes_home,จุดธูปไหว้พระทุกเช้า ดมควันธูปทุกวัน | สตารทรถที่จอดไม่วิ่งวอรมเครื่อง แล้วยืนดมควันรถ | เครียด | ในตระกูลมีคนเป็นมะเร็ง | ไม่ออกกำลังกาย | ทำงานหนัก,family,lung,delayed_care|advice_to_others,not_stated,ผู้แสดงความคิดเห็นเล่าว่าพ่อเป็นมะเร็งปอด โดยระบุปัจจัยเสี่ยงว่าเกิดจากการดมควันธูป ดมควันรถ ความเครียด กรรมพันธุ์ในครอบครัว ไม่ออกกำลังกาย และทำงานหนัก,0.92,
c0183,"เครียดคะ
กินของมันเยอะ
ไม่ยอมหาหมอ เพราะปจด.ไม่มา1ปี
ไม่เคยออกกำลังกาย",70,risk_opinion,stress|fried_fatty|no_screening|no_exercise,stress,เครียด | กินของมันเยอะ | ไม่ยอมหาหมอ เพราะปจด.ไม่มา1ปี | ไม่เคยออกกำลังกาย,self,not_stated,delayed_care,not_stated,ผู้แสดงความคิดเห็นระบุว่าตนเองมีความเครียด ทานของมันเยอะ ประจำเดือนไม่มา 1 ปีแต่ไม่ยอมไปพบแพทย์ และไม่เคยออกกำลังกาย,0.85,
c0184,ความเครียดสำคัญที่สุด,21,risk_opinion,stress,stress,ความเครียด,general,not_stated,none_mentioned,not_stated,ผู้แสดงความคิดเห็นระบุว่าความเครียดเป็นปัจจัยเสี่ยงที่สำคัญที่สุด,0.95,
c0185,เลิกเครียดๆ,11,advice_info,none_mentioned,none_mentioned,,general,not_stated,none_mentioned,not_stated,ผู้แสดงความเห็นแนะนำสั้นๆ ให้เลิกเครียด,0.55,too_short_to_judge
c0187,"เครียด,กินอาหารซ้ำ,อุ่นแล้วอุ่นอีก,แกงใส่กะทิ",45,risk_opinion,stress|reheated_leftover|fried_fatty,stress,เครียด | กินอาหารซ้ำ | อุ่นแล้วอุ่นอีก | แกงใส่กะทิ,general,not_stated,none_mentioned,not_stated,ผู้แสดงความคิดเห็นระบุว่าความเครียด การกินอาหารซ้ำและอุ่นอาหารซ้ำ รวมถึงการรับประทานแกงกะทิ เป็นพฤติกรรมเสี่ยงมะเร็ง,0.92,
c0188,ส่วนมากมาจากความเครียด+พักผ่อนไม่เพียงพอนอน2-4ชม.,49,risk_opinion,stress|poor_sleep,stress,ความเครียด | พักผ่อนไม่เพียงพอนอน2-4ชม.,general,not_stated,none_mentioned,not_stated,ผู้แสดงความคิดเห็นระบุว่าสาเหตุส่วนใหญ่มาจากความเครียดและการพักผ่อนไม่เพียงพอ โดยนอนเพียง 2-4 ชั่วโมง,0.95,
c0189,กินหมูตะ นอนน้อย แต่ ออกกำลังกายดีค่ะ,37,risk_opinion,grilled_charred|poor_sleep,grilled_charred,กินหมูตะ | นอนน้อย,self,not_stated,diet_lifestyle,not_stated,ผู้แสดงความคิดเห็นระบุว่ามีพฤติกรรมกินหมูกระทะและนอนน้อย แต่มีการออกกำลังกายเป็นอย่างดี,0.85,
c0191,"กินอาหารแทบทุกอย่าง กินเหล้าบ้าง ไม่สูบบุหรี่ ออกกำลังกายบบ้าง
ตรวจเป็นมะเร็งโพรงจมูก จบการรักษามาปีกว่าละครับ",110,personal_story,alcohol,alcohol,กินเหล้าบ้าง,self,nasopharynx,none_mentioned,remission,ผู้แสดงความคิดเห็นเล่าว่าตนเองกินอาหารแทบทุกอย่าง ดื่มเหล้าบ้าง ไม่สูบบุหรี่ ออกกำลังกายบ้าง ได้รับการตรวจพบเป็นมะเร็งโพรงจมูกและจบการรักษามาปีกว่าแล้ว,0.9,
c0192,ชอบกินหมูกระทะ,14,risk_opinion,grilled_charred,grilled_charred,ชอบกินหมูกระทะ,self,not_stated,none_mentioned,not_stated,ผู้แสดงความคิดเห็นระบุว่าชอบรับประทานหมูกระทะ,0.92,
c0193,ชอบกินของดิบเนื้อดิบ ปลาดิบ กุ้งดิบ กินน้ำอัดลมแทนน้ำ ชอบกินไส้กรอก แฮม เบค่อน สูบบุหรี่ เป็นมะเร็งลำไส้,104,personal_story,raw_undercooked|sugary_drinks|processed_meat|smoking,raw_undercooked,ชอบกินของดิบเนื้อดิบ ปลาดิบ กุ้งดิบ | กินน้ำอัดลมแทนน้ำ | ชอบกินไส้กรอก แฮม เบค่อน | สูบบุหรี่,self,colorectal,none_mentioned,not_stated,ผู้แสดงความคิดเห็นระบุพฤติกรรมชอบกินของดิบ น้ำอัดลม อาหารแปรรูป และสูบบุหรี่ แล้วเป็นมะเร็งลำไส้,0.95,
c0194,เครียด,6,risk_opinion,stress,stress,เครียด,general,not_stated,none_mentioned,not_stated,ผู้แสดงความคิดเห็นระบุว่าความเครียดเป็นปัจจัยเสี่ยงของการเกิดมะเร็ง,0.92,
c0195,Healthy เกินไป,14,risk_opinion,other_risk,other_risk,Healthy เกินไป,general,not_stated,none_mentioned,not_stated,แสดงความเห็นว่าการรักสุขภาพหรือดูแลตัวเองมากเกินไป (Healthy เกินไป) เป็นความเสี่ยง ซึ่งอาจเป็นการตอบเชิงประชดประชัน,0.6,sarcasm_or_joke
c0196,ทานอาหารแปรรูปเป็นประจำ,23,risk_opinion,processed_meat,processed_meat,ทานอาหารแปรรูปเป็นประจำ,general,not_stated,none_mentioned,not_stated,ผู้แสดงความคิดเห็นระบุว่าการรับประทานอาหารแปรรูปเป็นประจำคือพฤติกรรมเสี่ยง,0.95,
c0197,กรรมพันธุ์ บวก เครียด,21,risk_opinion,genetic_family|stress,genetic_family,กรรมพันธุ์ | เครียด,general,not_stated,none_mentioned,not_stated,ผู้แสดงความคิดเห็นระบุว่าสาเหตุมาจากกรรมพันธุ์และความเครียด,0.95,
c0198,"พ่อผมมีพี่น้อง 6 คน (ชาย 2 หญิง 4)
เป็นมะเร็ง ตาย 3 คน (ผู้หญิงทั้ง 3)
ป้าคนที่ 1 ปอด
ป้าคนที่ 2 ตับ
อาผู้หญิง ตับ
ผมว่ากรรมพันธุ์น่ากลัวที่สุด",143,personal_story,genetic_family,genetic_family,กรรมพันธุ์,family,multiple,none_mentioned,died,ผู้แสดงความคิดเห็นเล่าว่าคนในครอบครัว (ป้าและอา) ป่วยเป็นมะเร็งปอดและตับเสียชีวิต 3 คน โดยเชื่อว่าเกิดจากกรรมพันธุ์,0.95,
c0199,ถ้านอนดึกๆหลังเที่ยงคืน ตื่นเช้า กินข้าววันละมื้อ จะเป็นอะไรไหมคะ,65,risk_opinion,poor_sleep|irregular_meals,poor_sleep,นอนดึกๆหลังเที่ยงคืน ตื่นเช้า | กินข้าววันละมื้อ,self,not_stated,none_mentioned,not_stated,ผู้แสดงความคิดเห็นสอบถามว่าพฤติกรรมการนอนดึกตื่นเช้าและรับประทานอาหารวันละหนึ่งมื้อจะส่งผลเสียต่อสุขภาพหรือไม่,0.85,
c0200,หลักๆเลยคือ อยู่ใกล้ชิดกับผู้ที่สูบบุหรี่เป็นประจำค่ะ เลี่ยงไม่ได้ ต่อให้สูบที่อื่น แต่กลิ่นติดเสื้อผ้ามาเหมือนเดิมค่ะ,118,risk_opinion,smoking,smoking,อยู่ใกล้ชิดกับผู้ที่สูบบุหรี่เป็นประจำ | ต่อให้สูบที่อื่น แต่กลิ่นติดเสื้อผ้ามา,general,not_stated,none_mentioned,not_stated,ผู้แสดงความคิดเห็นระบุว่าสาเหตุหลักมาจากควันบุหรี่มือสองและการอยู่ใกล้ชิดกับคนที่สูบบุหรี่เป็นประจำ รวมถึงกลิ่นควันที่ติดเสื้อผ้ามา,0.92,
c0201,,219,personal_story,alcohol|fermented_pickled|no_screening,alcohol,กินเบียร์บ่อยมาก | กินส้มตำปู ปลาร้า หอยดองประจำ | ไม่เคยตรวจคัดกรองมะเร็งปากมดลูกตั้งแต่คลอดลูกได้ 8 ปี,self,cervix,none_mentioned,remission,ผู้แสดงความคิดเห็นเล่าว่าตนเองดื่มเบียร์และรับประทานของหมักดองเป็นประจำ ทั้งไม่เคยตรวจคัดกรองจนพบว่าเป็นมะเร็งปากมดลูกระยะที่ 3 ปัจจุบันรักษาเสร็จสิ้นแล้วและค่ามะเร็งเป็น 0,0.95,
c0202,ความเครียด,10,risk_opinion,stress,stress,ความเครียด,general,not_stated,none_mentioned,not_stated,ผู้แสดงความคิดเห็นระบุว่าความเครียดเป็นปัจจัยเสี่ยงของการเกิดโรคมะเร็ง,0.95,
c0203,นอนน้อยค่ะ โหมงานหนัก คิดว่าตัวเองเก่ง ตัวเองไหว ร่างกายเลยตอบแทนด้วยมะเร็ง,75,personal_story,poor_sleep|overwork,poor_sleep,นอนน้อย | โหมงานหนัก,self,unspecified,none_mentioned,not_stated,ผู้แสดงความเห็นเล่าว่าตนเองนอนน้อยและโหมงานหนัก จนร่างกายป่วยเป็นมะเร็ง,0.95,
c0204,"#มะเร็ง
เป็นตามกรรมพันธุ์ จริงไหมครับ?
หรือมาจากการใช้ชีวิตประจำวัน
#สุดท้ายนี้ผมอยากให้กำลังใจผู้ป่วยทุกท่านต่อสู้ฝ่าฟันมันไปให้ได้คิดสาว่ามัรก็เป็นเพียงแค่โรคโรคนึง (ยาที่ดีที่สุดคือ...กำลังใจ)",195,risk_opinion,genetic_family,genetic_family,กรรมพันธุ์,general,unspecified,none_mentioned,not_stated,ผู้แสดงความเห็นตั้งคำถามว่ามะเร็งเกิดจากกรรมพันธุ์หรือการใช้ชีวิตประจำวัน พร้อมให้กำลังใจผู้ป่วยทุกคน,0.8,
c0205,ไม่มีประวัติกรรมพันธุ์/ครอบครัว กินดี อาหารมีประโยชน์ ออกกำลังกาย เครียด นอนดึก,79,risk_opinion,stress|poor_sleep,stress,เครียด | นอนดึก,unclear,not_stated,none_mentioned,not_stated,ระบุว่าไม่มีประวัติครอบครัว รับประทานอาหารดีและออกกำลังกาย แต่มีความเครียดและนอนดึก,0.88,
c0206,นอนน้อย ดื่มน้ำน้อย,19,risk_opinion,poor_sleep|other_risk,poor_sleep,นอนน้อย | ดื่มน้ำน้อย,general,not_stated,none_mentioned,not_stated,ผู้แสดงความคิดเห็นระบุว่าการนอนน้อยและการดื่มน้ำน้อยเป็นพฤติกรรมเสี่ยง,0.88,
c0207,คนรู้จัก ไม่กินเหล้า ไม่สูบบุรี่ กินอาหารคลีน ออกกำลังกายทุกวันหยุด เป็นมะเร็งปอดค่ะ หลังจากตรวจพบ1ปี ตอนนี้จากไปแล้วค่ะ,120,personal_story,none_mentioned,none_mentioned,,friend,lung,none_mentioned,died,คนรู้จักของผู้แสดงความคิดเห็นดูแลสุขภาพ ไม่ดื่มเหล้า ไม่สูบบุหรี่ ทานอาหารคลีน และออกกำลังกาย แต่ตรวจพบมะเร็งปอดและเสียชีวิตใน 1 ปีต่อมา,0.95,
c0208,"ไม่กินอาหารจุกจิก กินครบ3 มือ ไม่กินอาหารมันไม่ชอบปิ้งย่าง ไม่กินหวาน
แต่ส่วนใหญ่ซื้ออาหารตามสั่ง กิน ออกกำลังกายตามเวลาว่าง กินกาแฟดำใส่น้ำผึ้งนิดเดียว ก่อนกินข้าวเช้า",168,risk_opinion,none_mentioned,none_mentioned,,self,not_stated,none_mentioned,not_stated,ผู้แสดงความคิดเห็นเล่าถึงพฤติกรรมการกินและการใช้ชีวิตของตนเอง โดยระบุว่าไม่กินอาหารมัน ไม่ชอบปิ้งย่าง ไม่กินหวาน และออกกำลังกายตามเวลาว่าง,0.9,
c0209,,222,risk_opinion,fermented_pickled|raw_undercooked|other_risk|overwork|sugary_drinks|stress|unhealthy_diet_general|irregular_bowel,fermented_pickled,กินของดอง | สุกๆดิบๆ | อาหารทะเล | พักผ่อนไม่เพียงพอ | ดื่มน้ำหวานกินของหวานในปริมาณที่มากเกิน | เครียดสะสมเครียดไม่รู้ตัว | กินน้ำน้อย | กินไม่ครบ5หมู่ | ร่างกายเลยขับของเสียออกไม่ได้,general,not_stated,none_mentioned,not_stated,ผู้แสดงความคิดเห็นระบุพฤติกรรมเสี่ยงหลายประการ เช่น กินของดอง สุกๆ ดิบๆ พักผ่อนไม่พอ กินหวาน เครียด ดื่มน้ำน้อย และกินไม่ครบ 5 หมู่ ซึ่งทำให้ร่างกายขับของเสียไม่ได้และภูมิตกกระตุ้นมะเร็ง,0.92,
c0211,,635,personal_story,infection|sugary_drinks|stress|overwork|poor_sleep,infection,พบการติดเชื้อ | ดื่มน้ำอัดลม ชานมบ้าง | เครียดเรื่องงานบ้าง | ทำงานเป็นพยาบาลขึ้นเวร day night ติดกัน 5-6 วัน/สัปดาห์,self,cervix,screening_checkup|second_opinion|financial_access_issue|diet_lifestyle,in_treatment,ผู้แสดงความเห็นเล่าประวัติตัวเองว่าไม่ดื่มเหล้าไม่สูบบุหรี่ แต่มีดื่มน้ำอัดลมชานมบ้าง เครียดเรื่องงานและเข้าเวรติดกัน ตรวจคัดกรองพบติดเชื้อ HPV ได้ส่องกล้องปากมดลูก (colposcopy) ฉีดวัคซีนและติดตามอาการต่อเนื่อง,0.85,
c0212,,236,risk_opinion,overwork|stress|processed_meat,overwork,พักผ่อนน้อย | มีภาวะเครียดแบบไม่รู้ตัว | ชอบอาหารแปรรูปไปนิด,general,unspecified,sought_care_prompt|advice_to_others,not_stated,ผู้แสดงความคิดเห็นระบุปัจจัยเสี่ยงเรื่องการพักผ่อนน้อย ความเครียด และอาหารแปรรูป พร้อมให้คำแนะนำว่าหากตรวจพบมะเร็งควรรีบรักษาและให้กำลังใจผู้อื่น,0.85,
c0214,เปนหมดละตั้งแต่ ซีเซียมเจอหลอมแล้วรัฐบาลก็แกล้งทำเงียบๆไป,57,risk_opinion,other_risk,other_risk,ซีเซียมเจอหลอม,general,not_stated,none_mentioned,not_stated,ผู้แสดงความคิดเห็นระบุว่าผู้คนเสี่ยงเป็นมะเร็งจากเหตุการณ์ซีเซียมถูกหลอมละลายและภาครัฐนิ่งเงียบ,0.75,
c0215,สาเหตุสำคัญคือความเครียดเป็นหลักจริงๆ,37,risk_opinion,stress,stress,ความเครียด,general,not_stated,none_mentioned,not_stated,ผู้แสดงความคิดเห็นระบุว่าสาเหตุสำคัญคือความเครียดเป็นหลัก,0.95,
c0216,สูบบุหรี่,9,risk_opinion,smoking,smoking,สูบบุหรี่,general,not_stated,none_mentioned,not_stated,ผู้แสดงความคิดเห็นระบุว่าการสูบบุหรี่เป็นพฤติกรรมเสี่ยง,0.95,
c0217,,397,personal_story,smoke_fumes_home|stress|overwork,smoke_fumes_home,เคร่งเครียดกับชีวิต | ชอบหอบงานมาทำที่บ้าน | จุดยากันยุง | จุดธูป | สูดดมควันธูปและยากันยุง,family,brain_cns,sought_care_prompt|advice_to_others,progressed,น้าสะใภ้มีอาการปวดหัวและอาเจียน เมื่อไปตรวจพบว่าเป็นมะเร็งสมองและลามไปทั่วร่างกาย โดยระบุสาเหตุว่าเกิดจากการสูดดมควันธูปและยากันยุงในบ้านเป็นประจำ,0.92,
c0218,ชอบกินของหมักของดองเป็นชีวิตจิตใจ,33,risk_opinion,fermented_pickled,fermented_pickled,ชอบกินของหมักของดองเป็นชีวิตจิตใจ,self,not_stated,none_mentioned,not_stated,ผู้แสดงความคิดเห็นระบุว่าตนเองชอบรับประทานของหมักดองเป็นประจำ,0.92,
c0220,,613,personal_story,poor_sleep|genetic_family|overwork,poor_sleep,นอนน้อย | กรรมพันธุ์,family,unspecified,surgery|screening_checkup,remission,สามีของผู้แสดงความเห็นเคยป่วยเป็นมะเร็ง โดยระบุว่าเกิดจากการนอนน้อยและกรรมพันธุ์ ผ่านการผ่าตัดรักษาและปัจจุบันโรคสงบมาได้ 4 ปีแล้ว,0.92,
c0221,,336,personal_story,strong_flavour|raw_undercooked|fermented_pickled|sugary_drinks|poor_sleep|alcohol,strong_flavour,ของเผ็ด | ลาบเลือด | แหนมเนื้อ | น้ำอัดลม | นอนน้อย | เหล้ากินนิดหน่อย,self,colorectal,diet_lifestyle,remission,ผู้แสดงความคิดเห็นเล่าว่าเคยเป็นมะเร็งลำไส้ระยะ 3 และรักษาหายมา 9 ปีแล้ว โดยระบุพฤติกรรมในอดีตว่าชอบกินของเผ็ด ลาบเลือด แหนมเนื้อ ดื่มน้ำอัดลม นอนน้อย และดื่มเหล้าเล็กน้อย,0.95,
c0223,ทำไงไม่ให้เครียด,16,risk_opinion,stress,stress,เครียด,general,not_stated,none_mentioned,not_stated,ผู้แสดงความคิดเห็นสอบถามวิธีจัดการไม่ให้เกิดความเครียด,0.85,
c0224,"หักโหมงานเพื่อให้ลูกทั้งสามจบปริญญา,เป็นคนสนุก,เพียงท้องผูกเป็นนิสัย.แม่เป็น",76,personal_story,overwork|irregular_bowel,overwork,หักโหมงาน | ท้องผูกเป็นนิสัย,family,unspecified,none_mentioned,not_stated,แม่ของผู้แสดงความคิดเห็นทำงานหักโหมและมีอาการท้องผูกเป็นนิสัย โดยระบุว่าแม่เป็นมะเร็ง,0.85,
c0227,เครียด พักผ่อนน้อย ทานอาหารรสจัด/อาหารหมักดอง +เคี้ยวอาหารไม่ละเอียด ไม่ค่อยขับถ่าย ดื่มแอลกอฮอล์บ่อย,101,risk_opinion,stress|poor_sleep|overwork|strong_flavour|fermented_pickled|irregular_bowel|alcohol|other_risk,stress,เครียด | พักผ่อนน้อย | ทานอาหารรสจัด | อาหารหมักดอง | เคี้ยวอาหารไม่ละเอียด | ไม่ค่อยขับถ่าย | ดื่มแอลกอฮอล์บ่อย,general,not_stated,none_mentioned,not_stated,ผู้แสดงความคิดเห็นระบุพฤติกรรมเสี่ยง ได้แก่ ความเครียด พักผ่อนน้อย ทานอาหารรสจัดและของหมักดอง เคี้ยวอาหารไม่ละเอียด ขับถ่ายไม่ปกติ และดื่มแอลกอฮอล์บ่อย,0.95,
c0228,,393,risk_opinion,chemicals|sugary_drinks|other_risk,chemicals,สารกันบูด | สารให้ความหวาน | สิ่งเจือปนอื่นๆ | เชื้อรา,general,not_stated,none_mentioned,not_stated,ผู้แสดงความคิดเห็นมองว่าแม้จะดูแลสุขภาพและทานอาหารดี แต่ยังมีความเสี่ยงจากสารปนเปื้อนในอาหาร เช่น สารกันบูด สารให้ความหวาน และเชื้อราในเครื่องปรุงที่เปิดใช้แล้ว,0.9,
c0229,ลืมกินยาคุม แล้วกินเบิ้ลประจำ สรุปเป็นมะเร็งเต้านม ค่า,54,personal_story,hormones_meds,hormones_meds,ลืมกินยาคุม แล้วกินเบิ้ลประจำ,self,breast,none_mentioned,not_stated,ผู้แสดงความคิดเห็นเล่าว่าตนเองลืมกินยาคุมและกินเบิ้ลเป็นประจำ สรุปตรวจพบว่าเป็นมะเร็งเต้านม,0.92,
c0230,เครียด & นอนไม่หลับ นอนดึก ค่ะ,30,risk_opinion,stress|poor_sleep,stress,เครียด | นอนไม่หลับ | นอนดึก,general,not_stated,none_mentioned,not_stated,ผู้แสดงความคิดเห็นระบุว่าความเครียด การนอนไม่หลับ และการนอนดึก เป็นปัจจัยเสี่ยงต่อการเกิดมะเร็ง,0.95,
c0231,,699,advice_info,none_mentioned,none_mentioned,,general,not_stated,none_mentioned,not_stated,ผู้แสดงความคิดเห็นมองว่ามะเร็งเกิดจากธรรมชาติของร่างกายที่เซลล์กลายพันธุ์ จึงไม่สามารถป้องกันได้แน่นอน และแนะนำให้ใช้ชีวิตอย่างมีสติ ปล่อยวางความกังวล,0.9,
c0232,ฉัดวันซีน…,10,risk_opinion,hormones_meds,hormones_meds,ฉัดวันซีน,general,not_stated,none_mentioned,not_stated,ผู้แสดงความคิดเห็นระบุสั้นๆ ถึงการฉีดวัคซีน (พิมพ์ว่า ฉัดวันซีน…) ว่าอาจเป็นสาเหตุของความเสี่ยง,0.55,too_short_to_judge|medical_misinformation
c0233,ตวันบุหรี่กับสิ่งรอบตัว,23,risk_opinion,smoking|pollution,smoking,ตวันบุหรี่ | สิ่งรอบตัว,general,not_stated,none_mentioned,not_stated,ผู้แสดงความคิดเห็นระบุว่าความเสี่ยงคือควันบุหรี่ (พิมพ์ผิดเป็น ตวันบุหรี่) และสิ่งแวดล้อมรอบตัว,0.85,
c0234,ไม่ตัดคาร์บเลย กินอาหารที่คาร์บสูงและมีสารสังเคราะห์ตลอดชีวิตแต่ลดไขมันและโปรตีนจากสัตว์ พักผ่อนไม่พอ ไม่นอนในเวลาที่ร่างกายต้องเผาผลาญเลย ไม่เคลื่อนไหวร่างกาย และเครียดค่ะ,172,risk_opinion,unhealthy_diet_general|chemicals|poor_sleep|no_exercise|stress,unhealthy_diet_general,ไม่ตัดคาร์บเลย | กินอาหารที่คาร์บสูง | สารสังเคราะห์ | พักผ่อนไม่พอ | ไม่นอนในเวลาที่ร่างกายต้องเผาผลาญเลย | ไม่เคลื่อนไหวร่างกาย | เครียด,general,not_stated,none_mentioned,not_stated,ระบุพฤติกรรมเสี่ยง ได้แก่ การรับประทานอาหารคาร์โบไฮเดรตสูงและมีสารสังเคราะห์ การพักผ่อนไม่เพียงพอ นอนไม่เป็นเวลา การไม่เคลื่อนไหวร่างกาย และความเครียด,0.88,
c0235,,266,advice_info,none_mentioned,none_mentioned,,general,unspecified,sought_care_prompt|faith_spiritual|advice_to_others,not_stated,ผู้แสดงความคิดเห็นให้กำลังใจและชี้ว่าทุกคนมีความเสี่ยงเป็นมะเร็งเท่ากัน พร้อมแนะนำให้รีบรักษาแต่เนิ่นๆ และมีจิตใจที่เข้มแข็งเพื่อต่อสู้กับโรค,0.9,
c0237,นอนดึก พักไม่พอ,15,risk_opinion,poor_sleep|overwork,poor_sleep,นอนดึก | พักไม่พอ,general,not_stated,none_mentioned,not_stated,ผู้แสดงความคิดเห็นระบุว่าการนอนดึกและการพักผ่อนไม่เพียงพอเป็นพฤติกรรมเสี่ยง,0.92,
c0239,Eat หมูกะทะ,11,risk_opinion,grilled_charred,grilled_charred,Eat หมูกะทะ,general,not_stated,none_mentioned,not_stated,ผู้แสดงความคิดเห็นระบุว่าการกินหมูกระทะเป็นพฤติกรรมเสี่ยง,0.88,
c0240,กรรมใคร กรรมมัน,15,risk_opinion,other_risk,other_risk,กรรมใคร กรรมมัน,general,not_stated,none_mentioned,not_stated,ผู้แสดงความคิดเห็นกล่าวว่ากรรมใครกรรมมัน ซึ่งเป็นการมองว่าเป็นเรื่องของเวรกรรม ไม่ได้ระบุพฤติกรรมเสี่ยงทางการแพทย์หรือกรณีศึกษาเฉพาะเจาะจง,0.7,ambiguous|too_short_to_judge
c0241,มะเร็ง คหสต. นะคะคิดว่าเป็นโรคที่นอกจากเรื่องพฤติกรรมการกินอาหาร การพักผ่อน การใช้ชีวิตเสี่ยง ๆ แล้ว ก็เป็นโรคของคนโชคร้ายโดนแจ็คพอตก็ว่าได้ บางคนดูแลตัวเองดีมาก ๆ ยังเป็น บางทีก็อยู่ที่เดอะดวงด้วย,197,risk_opinion,other_risk|unhealthy_diet_general|overwork,other_risk,พฤติกรรมการกินอาหาร | การพักผ่อน | การใช้ชีวิตเสี่ยง ๆ | โชคร้ายโดนแจ็คพอต | อยู่ที่เดอะดวง,general,not_stated,none_mentioned,not_stated,ผู้แสดงความเห็นมองว่ามะเร็งเกิดจากพฤติกรรมการกิน การพักผ่อน และการใช้ชีวิตเสี่ยง แต่ก็ขึ้นอยู่กับโชคหรือดวงด้วยเนื่องจากบางคนดูแลตัวเองดีก็ยังป่วย,0.85,
c0242,ชอบเผาขยะ,9,risk_opinion,smoke_fumes_home,smoke_fumes_home,ชอบเผาขยะ,general,not_stated,none_mentioned,not_stated,ระบุว่าพฤติกรรมการชอบเผาขยะเป็นสาเหตุหรือปัจจัยเสี่ยงต่อการเกิดโรคมะเร็ง,0.85,
c0243,อย่ากินแต่มาม่า,15,risk_opinion,processed_meat,processed_meat,กินแต่มาม่า,general,not_stated,none_mentioned,not_stated,ผู้แสดงความคิดเห็นเตือนว่าอย่ารับประทานบะหมี่กึ่งสำเร็จรูปเป็นประจำเพียงอย่างเดียว,0.85,
c0244,กินของแปรรูปมาทั้งชีวิต ดื่ม เที่ยว กินของเซเว่นบ่อย ความเครียดสะสม,67,risk_opinion,processed_meat|alcohol|stress,processed_meat,กินของแปรรูปมาทั้งชีวิต | ดื่ม | กินของเซเว่นบ่อย | ความเครียดสะสม,self,not_stated,none_mentioned,not_stated,ผู้แสดงความคิดเห็นระบุพฤติกรรมเสี่ยงของตนเอง เช่น กินอาหารแปรรูปและของเซเว่น ดื่มแอลกอฮอล์ เที่ยว และมีความเครียดสะสม,0.9,
c0245,อาหารแปรรูปเป็นหลัก ไม่ใช่แค่บะหมี่กึ่ง แต่เป็นพวกปรุงสำเร็จ ทั้งซอง ทั้งกล่อง และขนมใดๆ พร้อมกับความเครียดทุกขณะจิต,116,risk_opinion,processed_meat|stress,processed_meat,อาหารแปรรูป | บะหมี่กึ่ง | ปรุงสำเร็จ ทั้งซอง ทั้งกล่อง และขนมใดๆ | ความเครียดทุกขณะจิต,general,not_stated,none_mentioned,not_stated,ผู้แสดงความคิดเห็นระบุว่าอาหารแปรรูป ปรุงสำเร็จ ขนม และความเครียดเป็นสาเหตุของความเสี่ยง,0.95,
c0246,นอนน้อย กินไม่เป็นเวลา ดื่มน้ำน้อย ฝืนทำงาน กินของไม่มีประโยชน์ ติดต่อกัน 4 ปี สิ่งที่ได้ ภูมิตก แต่ยังฝืน ทำแบบเดิมๆ สุดท้าย ได้มะเร็งเม็ดเลือดขาวจ้า,150,personal_story,poor_sleep|irregular_meals|other_risk|overwork|unhealthy_diet_general,poor_sleep,นอนน้อย | กินไม่เป็นเวลา | ดื่มน้ำน้อย | ฝืนทำงาน | กินของไม่มีประโยชน์,self,leukemia,none_mentioned,not_stated,ผู้แสดงความเห็นเล่าประสบการณ์ตนเองว่ามีพฤติกรรมนอนน้อย กินไม่ตรงเวลา ดื่มน้ำน้อย ฝืนทำงานหนัก และกินของไม่มีประโยชน์ติดต่อกัน 4 ปี จนกระทั่งป่วยเป็นมะเร็งเม็ดเลือดขาว,0.95,
c0247,ขยายเรื่องชอบกินบะหมี่สำเร็จรูปหน่อยครับ เพราะชอบกินมากกก,57,risk_opinion,processed_meat,processed_meat,ชอบกินบะหมี่สำเร็จรูป,self,not_stated,none_mentioned,not_stated,ผู้แสดงความคิดเห็นระบุว่าตนเองชอบกินบะหมี่กึ่งสำเร็จรูปมาก และขอให้ขยายความข้อมูลเกี่ยวกับประเด็นนี้เพิ่มเติม,0.85,
c0248,ไม่มีพันธุกรรม เป็นพยาบาล ดูแลตัวเองดีมาก ยกเว้นนอนไม่เป็นเวลา และเป็นมะเร็งไทรอยด์ค่ะ บางทีมะเร็ง มันก็มาแบบอยากจะเกิดก็ได้นะคะ,128,personal_story,poor_sleep,poor_sleep,นอนไม่เป็นเวลา,self,thyroid,none_mentioned,not_stated,ผู้แสดงความเห็นเป็นพยาบาลและป่วยเป็นมะเร็งไทรอยด์ ระบุว่าไม่มีประวัติกรรมพันธุ์และดูแลตนเองดี ยกเว้นมีพฤติกรรมนอนไม่เป็นเวลา,0.95,
c0249,,479,risk_opinion,other_risk|infection,other_risk,ฉีดวัคซีนโควิด | เคยติดโควิด,general,unspecified,none_mentioned,not_stated,ผู้แสดงความเห็นตั้งข้อสังเกตว่าการฉีดวัคซีนโควิดและการติดเชื้อโควิดส่งผลให้ภูมิคุ้มกันลดลงและเสี่ยงต่อการเป็นมะเร็งหรือเสียชีวิตมากขึ้น แม้จะมีพฤติกรรมสุขภาพที่ดีก็ตาม,0.85,medical_misinformation
c0250,"นอนน้อยวันนึงไม่เกิน 3-4 ชม. (ทำแค่ 2 ปี) เครียด กินอาหารแปรรูปบ่อย ติดหวาน ไม่ออกกำลังกาย
#มะเร็งไทรอยด์",105,personal_story,poor_sleep|stress|processed_meat|sugary_drinks|no_exercise,poor_sleep,นอนน้อยวันนึงไม่เกิน 3-4 ชม. | เครียด | กินอาหารแปรรูปบ่อย | ติดหวาน | ไม่ออกกำลังกาย,self,thyroid,none_mentioned,not_stated,ผู้แสดงความเห็นระบุว่าเป็นมะเร็งไทรอยด์ โดยเล่าพฤติกรรมเสี่ยงของตนเอง ได้แก่ นอนน้อย เครียด กินอาหารแปรรูปบ่อย ติดหวาน และไม่ออกกำลังกาย,0.92,
c0251,เครียดน่ะ พักผ่อนน้อย,21,risk_opinion,stress|poor_sleep,stress,เครียด | พักผ่อนน้อย,general,not_stated,none_mentioned,not_stated,ผู้แสดงความคิดเห็นระบุว่าความเครียดและการพักผ่อนน้อยเป็นพฤติกรรมเสี่ยง,0.9,
c0252,,238,personal_story,genetic_family,genetic_family,กรรมพันธุ์,family,unspecified,none_mentioned,not_stated,ผู้แสดงความคิดเห็นระบุว่าคนในครอบครัวไม่สูบบุหรี่และไม่ดื่มแอลกอฮอล์แต่ก็ยังเป็นมะเร็ง โดยมองว่าสาเหตุส่วนหนึ่งน่าจะมาจากกรรมพันธุ์และโชคชะตา,0.85,
c0253,เราต้องไม่เครียดนะคะ,20,advice_info,none_mentioned,none_mentioned,,general,not_stated,none_mentioned,not_stated,ผู้แสดงความเห็นแนะนำว่าต้องไม่เครียด,0.8,
c0254,ใส่ใจสุขภาพ,11,advice_info,none_mentioned,none_mentioned,,general,not_stated,none_mentioned,not_stated,ผู้แสดงความคิดเห็นแนะนำสั้นๆ ให้ใส่ใจสุขภาพ โดยไม่ได้ระบุพฤติกรรมเสี่ยงหรือชนิดของมะเร็ง,0.65,too_short_to_judge
c0255,คุณตาชอบสูบใบจาก แกเป็นมะเร็งหลังโพรงจมูก สงสารแกมากเลยค่ะ แกเสียไปแล้ว,71,personal_story,smoking,smoking,สูบใบจาก,family,nasopharynx,none_mentioned,died,คุณตาของผู้แสดงความคิดเห็นชอบสูบใบจากและป่วยเป็นมะเร็งหลังโพรงจมูก ปัจจุบันเสียชีวิตแล้ว,0.95,
c0256,"ควบคุม อารมณ์ ของตัวเองให้ดี
พักผ่อนให้เหมาะสม
ขับถ่ายให้เป็นเวลา",65,advice_info,none_mentioned,none_mentioned,,general,not_stated,none_mentioned,not_stated,แนะนำให้ควบคุมอารมณ์ พักผ่อนให้เหมาะสม และขับถ่ายให้เป็นเวลา,0.88,
c0257,กินคลีน ออกกำลังกาย พักผ่อนเพียงพอ ดื่มน้ำ2-3ลิตรต่อวัน ทานวิตามินและโปรตีน แอลกอฮอล์ไม่ดื่ม บุหรี่ไม่สูบ ดูแลอย่างดีพร้อม สรุป คนอื่นสูบใส่ทุกวัน 55555,152,risk_opinion,smoking,smoking,คนอื่นสูบใส่ทุกวัน,self,not_stated,none_mentioned,not_stated,ผู้แสดงความเห็นเล่าเชิงขบขันว่าตนเองดูแลสุขภาพอย่างดี ไม่ดื่มเหล้าไม่สูบบุหรี่ แต่สุดท้ายได้รับควันบุหรี่มือสองจากคนอื่นที่สูบใส่ทุกวัน,0.88,sarcasm_or_joke
c0259,ร่างกายครับ ส่วนใหญ่เลย เรียกว่าบุญเก่าก็ได้ กินของทอด หวานๆ นอนเช้า เหล้าบุหรี่ ตั้งแต่15 อยู่จน 95 ก็มี ปู่ผมเอง,114,risk_opinion,fried_fatty|sugary_drinks|poor_sleep|alcohol|smoking,fried_fatty,ของทอด | หวานๆ | นอนเช้า | เหล้า | บุหรี่,family,not_stated,none_mentioned,not_stated,ผู้แสดงความคิดเห็นมองว่าร่างกายหรือต้นทุนสุขภาพ (บุญเก่า) มีผลมาก โดยยกตัวอย่างปู่ของตนที่กินของทอด ของหวาน นอนเช้า ดื่มเหล้าและสูบบุหรี่ตั้งแต่อายุ 15 แต่ยังอยู่ได้ถึงอายุ 95 ปี,0.88,
c0260,ไมโครพลาสติกนี่แหล่ะตัวดีเลย เลี่ยงก็ไม่ได้,43,risk_opinion,chemicals,chemicals,ไมโครพลาสติก,general,not_stated,none_mentioned,not_stated,ผู้แสดงความคิดเห็นระบุว่าไมโครพลาสติกเป็นปัจจัยเสี่ยงสำคัญและหลีกเลี่ยงได้ยาก,0.88,
c0261,นอนไม่พอ อดนอนเป็นเวลานาน ประมาณ 1 เดือน ทุกวัน จะส่งผลเป็นได้ ที่รู้จกมาก็หลายคนแล้ว ที่เป็นและเสียไปค่ะ,105,personal_story,poor_sleep,poor_sleep,นอนไม่พอ | อดนอนเป็นเวลานาน,friend,not_stated,none_mentioned,died,ผู้แสดงความเห็นระบุว่าการนอนไม่พอหรืออดนอนติดต่อกันเป็นเวลานานส่งผลให้เป็นโรคได้ และระบุว่ามีคนรู้จักหลายคนที่เป็นและเสียชีวิตไปแล้ว,0.88,
c0262,นอนดึก เครียด กินซ้ำซาก กินของไม่มีคุณภาพค่ะ,44,risk_opinion,poor_sleep|stress|unhealthy_diet_general,poor_sleep,นอนดึก | เครียด | กินซ้ำซาก | กินของไม่มีคุณภาพ,general,not_stated,none_mentioned,not_stated,ระบุพฤติกรรมเสี่ยงว่าเกิดจากการนอนดึก ความเครียด การกินอาหารซ้ำซาก และการกินอาหารที่ไม่มีคุณภาพ,0.9,
c0264,พี่สาว ให้นมลูก จนนมเป็นก้อน กลายเป็นมะเร็งค่ะ,46,personal_story,other_risk,other_risk,ให้นมลูก จนนมเป็นก้อน,family,breast,none_mentioned,not_stated,พี่สาวของผู้แสดงความเห็นให้นมลูกจนเต้านมเป็นก้อนและกลายเป็นมะเร็ง,0.9,medical_misinformation
c0265,เป็นกรดไหลย้อนกับกระเพาะอักเสบ แต่ยังชอบกินอาหารรสจัด,53,risk_opinion,strong_flavour|chronic_condition,strong_flavour,กรดไหลย้อน | กระเพาะอักเสบ | อาหารรสจัด,self,not_stated,none_mentioned,not_stated,ผู้แสดงความเห็นระบุว่าตนเองเป็นกรดไหลย้อนและกระเพาะอาหารอักเสบ แต่ยังคงชอบรับประทานอาหารรสจัด,0.85,
c0266,ปวดท้องร้าวไปหลังเวลาเป็นประจำเดือนค่ะ อดทนไม่ยอมหาหมอ แจ๊กพอตแตกเลย,68,personal_story,no_screening,no_screening,อดทนไม่ยอมหาหมอ,self,unspecified,delayed_care,not_stated,ผู้แสดงความคิดเห็นเล่าว่ามีอาการปวดท้องร้าวไปหลังเวลาเป็นประจำเดือนและอดทนไม่ยอมไปพบแพทย์จนตรวจพบความผิดปกติ,0.8,
c0267,กินอาหารเดิมๆ แกงกะทิ อาหารอุ่นซ้ำๆ บ่อยๆ,41,risk_opinion,other_risk|fried_fatty|reheated_leftover,other_risk,กินอาหารเดิมๆ | แกงกะทิ | อาหารอุ่นซ้ำๆ บ่อยๆ,general,not_stated,none_mentioned,not_stated,ผู้แสดงความคิดเห็นระบุว่าพฤติกรรมเสี่ยงมะเร็งคือการกินอาหารเดิมๆ กินแกงกะทิ และการกินอาหารที่นำมาอุ่นซ้ำบ่อยๆ,0.87,
c0268,เครียด กินไส้กรอก ของมันๆ ทอดๆ กินอาหารซ้ำ ค้างคืน,50,risk_opinion,stress|processed_meat|fried_fatty|reheated_leftover,stress,เครียด | กินไส้กรอก | ของมันๆ ทอดๆ | กินอาหารซ้ำ ค้างคืน,general,not_stated,none_mentioned,not_stated,ระบุพฤติกรรมเสี่ยงคือความเครียด การรับประทานไส้กรอก ของทอดของมัน และอาหารค้างคืนหรืออุ่นซ้ำ,0.95,
c0269,"คุณแม่ชอบทานแต่ผัก,ปลา ไม่ทานเครื่องใน ออกกำลังกายทุกเช้า ไม่เคยเข้าโรงพยาบาล ยกเว้นตอนคลอดเราออกมา
#เป็นมะเร็งค่ะ
นอนโรงพยาบาลได้ 4คืน ท่านก็จากไป",147,personal_story,none_mentioned,none_mentioned,,family,unspecified,none_mentioned,died,ผู้แสดงความเห็นเล่าว่าคุณแม่มีพฤติกรรมสุขภาพดี ทานผักปลาและออกกำลังกายเป็นประจำ แต่ป่วยเป็นมะเร็งและเสียชีวิตหลังนอนโรงพยาบาลได้ 4 คืน,0.95,
c0271,เครียด นอนดึก กินของไม่มีประโยชน์ ครับ,38,risk_opinion,stress|poor_sleep|unhealthy_diet_general,stress,เครียด | นอนดึก | กินของไม่มีประโยชน์,general,not_stated,none_mentioned,not_stated,ระบุพฤติกรรมเสี่ยงว่าคือความเครียด การนอนดึก และการรับประทานอาหารที่ไม่มีประโยชน์,0.95,
c0272,,265,personal_story,processed_meat|strong_flavour|fried_fatty,processed_meat,ลูกชิ้น | ส้มตำ | ขนมจีนน้ำยา | ของทอด | บะหมี่กึ่งสำเร็จรูป | อาหารแปรรูป,self,unspecified,surgery|chemotherapy|advice_to_others,in_treatment,ผู้แสดงความเห็นเล่าประสบการณ์ตนเองป่วยเป็นมะเร็งจากการรับประทานลูกชิ้น ส้มตำ ขนมจีนน้ำยา ของทอด และอาหารแปรรูปต่อเนื่อง ได้รับการรักษาด้วยการผ่าตัดและให้เคมีบำบัด,0.92,
c0273,ชอบกินกระเทียม หอมแดง พริกแห้ง อ้วน กินยาเยอะ กินของมัน ของทอด ปิ้ง ย่าง เกรียมๆกรอบๆ กินมื้อดึก ของค้างคืน ยาหม้อสมุนไพร,121,risk_opinion,overweight|hormones_meds|fried_fatty|grilled_charred|irregular_meals|reheated_leftover|other_risk,overweight,ชอบกินกระเทียม หอมแดง พริกแห้ง | อ้วน | กินยาเยอะ | กินของมัน ของทอด | ปิ้ง ย่าง เกรียมๆกรอบๆ | กินมื้อดึก | ของค้างคืน | ยาหม้อสมุนไพร,general,not_stated,none_mentioned,not_stated,ผู้แสดงความคิดเห็นระบุพฤติกรรมเสี่ยงต่างๆ เช่น ความอ้วน การกินยาเยอะ กินของมัน ของทอด ปิ้งย่างเกรียม กินมื้อดึก ของค้างคืน และยาหม้อสมุนไพร,0.9,
c0274,,432,personal_story,grilled_charred|fried_fatty|low_veg_fibre|sugary_drinks|overweight|unhealthy_diet_general,grilled_charred,ไก่ย่าง หมูย่าง | ติดมัน | ไก่ทอด หมูทอด | ไม่กินผักและผลไม้เลยยยยย | กินขนมทุกสิ่ง | กินแต่น้ำอัดลม | น้ำหนักเกิน | กินเยอะ กินจุ,family,colorectal,none_mentioned,died,พี่ชายของผู้โพสต์เสียชีวิตจากมะเร็งลำไส้ โดยมีพฤติกรรมชอบกินของปิ้งย่าง ของทอด ของมัน น้ำอัดลม ขนม ไม่กินผักผลไม้ และมีน้ำหนักเกิน,0.95,
c0275,บุหรี่มือ2,10,risk_opinion,smoking,smoking,บุหรี่มือ2,general,not_stated,none_mentioned,not_stated,ผู้แสดงความคิดเห็นระบุว่าบุหรี่มือสองเป็นพฤติกรรมเสี่ยง,0.95,
c0276,หนูว่าอากาศ ฝุ่น ปัจจัยหลักๆเลยค่ะ,34,risk_opinion,pollution,pollution,อากาศ | ฝุ่น,general,not_stated,none_mentioned,not_stated,ผู้แสดงความคิดเห็นมองว่าสภาพอากาศและฝุ่นเป็นปัจจัยหลักที่ก่อให้เกิดมะเร็ง,0.95,
c0277,พักผ่อนน้อย นอนไม่ค่อยหลับ และเครียดสะสมรวมถึงเครียดไม่รู้ตัวอะ ปัจจัยหลักๆ ก่อนเจอ,83,personal_story,overwork|poor_sleep|stress,overwork,พักผ่อนน้อย | นอนไม่ค่อยหลับ | เครียดสะสมรวมถึงเครียดไม่รู้ตัว,self,not_stated,none_mentioned,not_stated,ผู้แสดงความคิดเห็นระบุว่ามีพฤติกรรมพักผ่อนน้อย นอนไม่ค่อยหลับ และมีความเครียดสะสมโดยไม่รู้ตัวเป็นปัจจัยหลักก่อนตรวจพบโรค,0.85,
c0278,ชั้นผู้เครียดมากๆว่าจ่ะเป็น จนอยากกระโดดหน้าต่าง,48,risk_opinion,stress,stress,เครียดมากๆ,self,not_stated,none_mentioned,not_stated,ผู้แสดงความคิดเห็นระบุว่าตัวเองมีความเครียดมากว่าจะป่วยเป็นโรค,0.85,
c0279,กินเหล้า นอนน้อยไม่ถึง6ชม.ต่อวันสะสมมาเป็นปี,44,risk_opinion,alcohol|poor_sleep,alcohol,กินเหล้า | นอนน้อยไม่ถึง6ชม.ต่อวันสะสมมาเป็นปี,general,not_stated,none_mentioned,not_stated,ระบุพฤติกรรมเสี่ยงว่าคือการดื่มเหล้าและการนอนน้อยไม่ถึง 6 ชั่วโมงต่อวันสะสมเป็นเวลาหลายปี,0.95,
c0280,,373,personal_story,stress|smoking|alcohol|processed_meat|poor_sleep|genetic_family,stress,เครียดจากปัญหาครอบครัว-ลูก | สูบบุหรี่ | กินเบียร์ทุกวัน 2-3 ขวด | กินอาหารแปรรูปบ่อยมาก | นอนไม่เคยพอ นอนตี3 ตื่นหกโมง | กรรมพันธุ์,self,unspecified,none_mentioned,not_stated,ผู้แสดงความคิดเห็นเล่าประสบการณ์ตนเองช่วงเป็นพ่อเลี้ยงเดี่ยวที่มีความเครียด สูบบุหรี่ ดื่มเบียร์ กินอาหารแปรรูป และนอนน้อย จนตรวจพบว่าเป็นมะเร็งระยะที่ 4 และพบว่ามีประวัติกรรมพันธุ์,0.95,
c0281,เครียด,6,risk_opinion,stress,stress,เครียด,general,not_stated,none_mentioned,not_stated,ผู้แสดงความคิดเห็นระบุว่าความเครียดเป็นสาเหตุของความเสี่ยง,0.85,
c0282,สอบถามครับ แม่เป็นมะเร็งเต้านม ลูกผู้ชายมีโอกาสเป็นมะเร็งอื่นมั้ยครับ,69,personal_story,none_mentioned,none_mentioned,,family,breast,none_mentioned,not_stated,ผู้โพสต์สอบถามว่าแม่เป็นมะเร็งเต้านมแล้วลูกชายจะมีโอกาสเป็นมะเร็งชนิดอื่นหรือไม่ ไม่ได้ระบุพฤติกรรมเสี่ยงหรือการรักษา,0.92,
c0283,,277,risk_opinion,poor_sleep|overwork|alcohol|smoking|processed_meat|stress|no_exercise|fried_fatty|unhealthy_diet_general,poor_sleep,นอนดึก | พักผ่อนน้อย | ดื่มแอลกอฮอล | สูบบุหรี่ | กินอาหารแปรรูป | ความเครียดสะสม | ไม่ออกกำลังกาย | ทานแป้ง เนย ชีส ( เบเกอรี่ ),general,not_stated,none_mentioned,not_stated,ผู้แสดงความคิดเห็นระบุพฤติกรรมเสี่ยงมะเร็ง ได้แก่ นอนดึก พักผ่อนน้อย ดื่มแอลกอฮอล์ สูบบุหรี่ อาหารแปรรูป ความเครียด ไม่ออกกำลังกาย และทานแป้งเนยชีส พร้อมระบุคำแนะนำให้รับประทานอาหารที่หลากหลาย,0.88,
c0284,,488,personal_story,none_mentioned,none_mentioned,,self,breast,screening_checkup,remission,ผู้แสดงความเห็นเคยเป็นมะเร็งเต้านมเมื่อปี 2562 ปัจจุบันรักษาหายและผลตรวจปกติต่อเนื่อง 5 ปี โดยเล่าว่าดูแลสุขภาพ ทานอาหารดี และออกกำลังกายสม่ำเสมอมาตลอด,0.95,
c0286,ยังขาดความรู้ความเข้าใจ ในการดูแลสุขภาพ,39,risk_opinion,other_risk,other_risk,ยังขาดความรู้ความเข้าใจ ในการดูแลสุขภาพ,general,not_stated,none_mentioned,not_stated,แสดงความเห็นว่าปัจจัยเสี่ยงเกิดจากการยังขาดความรู้ความเข้าใจในการดูแลสุขภาพ,0.85,
c0287,อาหารแปรรูป,11,risk_opinion,processed_meat,processed_meat,อาหารแปรรูป,general,not_stated,none_mentioned,not_stated,ผู้แสดงความคิดเห็นระบุว่าอาหารแปรรูปเป็นพฤติกรรมหรือปัจจัยเสี่ยงของการเกิดมะเร็ง,0.95,
c0288,จิตไม่อยู่กับกายบ่อยๆ นานๆ กายถูกทำลาย พพจ.ให้ตั้งจิตไว้ที่ลมหายใจ โรคภัยไม่เบียดเบียน ที่เป็นอยู่ก็จะทุเลา,107,advice_info,other_risk,other_risk,จิตไม่อยู่กับกายบ่อยๆ นานๆ,general,not_stated,faith_spiritual,not_stated,ผู้แสดงความเห็นระบุว่าการที่จิตไม่อยู่กับกายเป็นเวลานานทำให้ร่างกายถูกทำลาย และแนะนำให้ตั้งจิตตามดูลมหายใจตามคำสอนเพื่อช่วยบรรเทาโรค,0.65,medical_misinformation
c0289,กินเหล้า_เบียร์ เกือบจะทุกวัน 1 สัปดาห์ อย่างไม่กินก็ 3-4 วันละ อาหารแปรรูปแทบไม่กินเลย ไม่ชอบ ไม่อร่อย ละฝั่งทางแม่เป็นมะเร็งตาย 5 คน,134,personal_story,alcohol|genetic_family,alcohol,กินเหล้า_เบียร์ เกือบจะทุกวัน | ฝั่งทางแม่เป็นมะเร็งตาย 5 คน,family,unspecified,none_mentioned,died,ผู้แสดงความเห็นเล่าว่าดื่มเหล้าเบียร์เกือบทุกวัน แทบไม่กินอาหารแปรรูป และมีญาติฝั่งแม่เสียชีวิตจากมะเร็ง 5 คน,0.92,
c0291,ความเครียดมาเป็นหลัก,20,risk_opinion,stress,stress,ความเครียด,general,not_stated,none_mentioned,not_stated,ผู้แสดงความคิดเห็นระบุว่าความเครียดเป็นสาเหตุหลักของการเกิดโรค,0.95,
c0292,ส่วนตัวของผมมีภาวะเครียด กดดันตัวเอง ตั้งแพลนไว้สูง นอนดึก+นอนไม่อิ่มชอบกินของปิ้งย่าง/อาหารแปรรูป/อาหารค้างคืน/แอลกอฮอล์นานๆครั้ง/น้ำหวาน/อาหารหมักดองและไม่ออกกำลังกายครับ,172,risk_opinion,stress|poor_sleep|grilled_charred|processed_meat|reheated_leftover|alcohol|sugary_drinks|fermented_pickled|no_exercise,stress,ภาวะเครียด กดดันตัวเอง ตั้งแพลนไว้สูง | นอนดึก+นอนไม่อิ่ม | ของปิ้งย่าง | อาหารแปรรูป | อาหารค้างคืน | แอลกอฮอล์นานๆครั้ง | น้ำหวาน | อาหารหมักดอง | ไม่ออกกำลังกาย,self,not_stated,none_mentioned,not_stated,ผู้แสดงความคิดเห็นระบุพฤติกรรมเสี่ยงของตนเอง เช่น ความเครียด นอนดึก ทานปิ้งย่าง อาหารแปรรูป อาหารค้างคืน ดื่มแอลกอฮอล์ น้ำหวาน อาหารหมักดอง และไม่ออกกำลังกาย,0.92,
c0294,เครียด พักผ่อนน้อย บางวันนอนแค่1-2ชม ก็ต้องตื่นไปทำงาน,54,risk_opinion,stress|poor_sleep|overwork,stress,เครียด | พักผ่อนน้อย | บางวันนอนแค่1-2ชม ก็ต้องตื่นไปทำงาน,self,not_stated,none_mentioned,not_stated,ผู้แสดงความเห็นระบุว่าความเครียด การพักผ่อนน้อย และการนอนเพียง 1-2 ชั่วโมงแล้วต้องตื่นไปทำงาน เป็นพฤติกรรมเสี่ยง,0.9,
c0295,กรรมพันธุ์ก็มีส่วนอย่างมากครับ,30,risk_opinion,genetic_family,genetic_family,กรรมพันธุ์,general,not_stated,none_mentioned,not_stated,ผู้แสดงความคิดเห็นระบุว่ากรรมพันธุ์มีส่วนอย่างมากในการเกิดมะเร็ง,0.95,
c0296,"-นอนน้อย,นอนดึก,นอนเช้า/กินอาหารเวฟ,อาหารค้างคืนหรืออุ่นหลายรอบ / เป็นOCDไม่ปล่อยวาง555",87,risk_opinion,poor_sleep|reheated_leftover|stress,poor_sleep,"นอนน้อย,นอนดึก,นอนเช้า | กินอาหารเวฟ,อาหารค้างคืนหรืออุ่นหลายรอบ | เป็นOCDไม่ปล่อยวาง",general,not_stated,none_mentioned,not_stated,ผู้แสดงความคิดเห็นระบุพฤติกรรมเสี่ยงคือการนอนน้อย นอนดึก นอนเช้า การกินอาหารเวฟ อาหารค้างคืนหรืออุ่นซ้ำหลายรอบ และความเครียด/คิดมากไม่ปล่อยวางจาก OCD,0.9,
c0297,,356,personal_story,none_mentioned,none_mentioned,,self,unspecified,none_mentioned,in_treatment,ผู้แสดงความเห็นเล่าถึงตัวเองว่าใช้ชีวิตดูแลสุขภาพอย่างดี ไม่ดื่มเหล้า ไม่สูบบุหรี่ แต่ก็ยังป่วยเรื้อรังมา 8 ปีโดยผลเลือดยังผิดปกติและไม่สามารถอธิบายได้,0.75,ambiguous
c0298,ชอบกินไส้กรอก นังตัวดี,22,risk_opinion,processed_meat,processed_meat,กินไส้กรอก,self,not_stated,none_mentioned,not_stated,ผู้แสดงความเห็นระบุว่าชอบกินไส้กรอกซึ่งเป็นตัวการเสี่ยง,0.85,
c0299,,258,personal_story,stress|poor_sleep|chemicals|processed_meat|sugary_drinks,stress,เครียด | นอนน้อย | ผักผลไม้ล้างแบบลวกๆ ผลไม้บางทีก็ไม่ล้าง | อาหารแปรรูป ลูกชิ้นไส้กรอกกุนเชียง | ของหวาน กินน้ำตาลเยอะ,family,unspecified,screening_checkup|diet_lifestyle,remission,แม่ตรวจพบมะเร็งระยะ 0 และรักษาหายแล้ว โดยมีพฤติกรรมเสี่ยงคือเครียด นอนน้อย ล้างผักผลไม้ไม่สะอาด ทานอาหารแปรรูปและของหวานน้ำตาลสูง,0.9,
c0301,ทำไปเถอะครับ เลี่ยงอะไรแปลกๆได้เลี่ยง แต่สุดท้าย ถ้ากรรมพันธุ์แรง ไม่รอดทุกราย .. ดูแลตัวเองดี + กรรมพันธุ์ดี = รอดจ้า,118,risk_opinion,genetic_family,genetic_family,กรรมพันธุ์,general,not_stated,none_mentioned,not_stated,ผู้แสดงความคิดเห็นมองว่าการดูแลตนเองและหลีกเลี่ยงสิ่งแปลกปลอมช่วยได้ส่วนหนึ่ง แต่ปัจจัยสำคัญที่สุดคือเรื่องกรรมพันธุ์,0.85,
c0302,คุณพ่อเสียเพราะมะเร็งหลอดอาหาร สูบบุหรี่จัด,43,personal_story,smoking,smoking,สูบบุหรี่จัด,family,esophagus,none_mentioned,died,คุณพ่อของผู้แสดงความคิดเห็นเสียชีวิตจากมะเร็งหลอดอาหาร โดยมีพฤติกรรมสูบบุหรี่จัด,0.95,
c0303,"เห็นหลายท่านบอกว่าสาเหตุหนึ่งเกืดจากการกินอาหารซ้ำๆ
สมมติถ้าเรากินอาหารเพื่อสุขภาพ ผัก เนื้อ ออแกนิกต่างๆ ก็มีโอกาสเป็นเท่ากับคนที่กินอาหารทั่วไปหรือไม่ครับ",156,risk_opinion,other_risk,other_risk,กินอาหารซ้ำๆ,general,not_stated,none_mentioned,not_stated,ผู้แสดงความเห็นกล่าวถึงข้อสังเกตเรื่องการกินอาหารซ้ำๆ ว่าเป็นสาเหตุหนึ่งของมะเร็ง และตั้งคำถามว่าการกินอาหารสุขภาพจะมีโอกาสเป็นมะเร็งเท่ากับคนทั่วไปหรือไม่,0.82,
c0305,,258,personal_story,genetic_family|processed_meat|sugary_drinks|grilled_charred|other_risk,genetic_family,พันธุกรรม - ญาติฝั่งแม่เป็นมะเร็งกันเยอะ | ชอบกินอาหารแปรรูปมาก | ขนมปัง | กินกาแฟสำเร็จรูป | ดื่มน้ำน้อย | ชอบกินปิ้งย่าง,family,colorectal,advice_to_others,not_stated,ผู้แสดงความเห็นเล่าถึงแม่ที่เป็นมะเร็งลำไส้ โดยระบุปัจจัยเสี่ยงจากพันธุกรรม อาหารแปรรูป กาแฟสำเร็จรูป ดื่มน้ำน้อย และของปิ้งย่าง พร้อมแนะนำให้ผู้อื่นรีบไปพบแพทย์หากมีอาการผิดปกติ,0.9,
c0306,"อาหาร: ปลาดิบ ซูชิ ของดิบสุก แอลกอฮอล์ ของหมักดอง ของย่าง ด้วยเตาถ่าน ไส้กรอกอิสาน อาหารแปรรูป
พฤติกรรม: นอนน้อย เครียด ไม่ออกกำลังกาย หรือ การสัก",146,risk_opinion,raw_undercooked|alcohol|fermented_pickled|grilled_charred|processed_meat|poor_sleep|stress|no_exercise|other_risk,raw_undercooked,ปลาดิบ ซูชิ ของดิบสุก | แอลกอฮอล์ | ของหมักดอง | ของย่าง ด้วยเตาถ่าน | ไส้กรอกอิสาน อาหารแปรรูป | นอนน้อย | เครียด | ไม่ออกกำลังกาย | การสัก,general,not_stated,none_mentioned,not_stated,ผู้แสดงความคิดเห็นระบุปัจจัยเสี่ยงด้านอาหาร เช่น ปลาดิบ แอลกอฮอล์ ของหมักดอง ปิ้งย่าง อาหารแปรรูป และพฤติกรรม เช่น นอนน้อย เครียด ไม่ออกกำลังกาย และการสัก,0.95,
c0307,,231,personal_story,smoking|alcohol|sugary_drinks|genetic_family,smoking,สูบบุหรี่จัด | ดื่มเหล้าทุกวัน | ชอบปรุงอาหารออกหวาน-หวานมาก | มีเชื้อสายจีน,family,nasopharynx,none_mentioned,progressed,เคสของพ่อเป็นมะเร็งหลังโพรงจมูก โดยมีพฤติกรรมสูบบุหรี่จัด ดื่มเหล้าทุกวัน ชอบกินหวาน และตรวจพบเมื่อมะเร็งลุกลามไปกระดูกและตับแล้ว,0.92,
c0309,เครียด ดื่ม นอนน้อย ทำงานหนัก อยู่กับควันรถ ฝุ่น กินอาหารทุกอย่างที่ทำให้เสี่ยงเป็นมะเร็ง ของหมักดอง ไม่ออกกำลังกาย ฉีดวัคซีนโควิตหลายเข็ม,138,risk_opinion,stress|alcohol|poor_sleep|overwork|pollution|unhealthy_diet_general|fermented_pickled|no_exercise|other_risk,stress,เครียด | ดื่ม | นอนน้อย | ทำงานหนัก | อยู่กับควันรถ ฝุ่น | กินอาหารทุกอย่างที่ทำให้เสี่ยงเป็นมะเร็ง | ของหมักดอง | ไม่ออกกำลังกาย | ฉีดวัคซีนโควิตหลายเข็ม,general,not_stated,none_mentioned,not_stated,ผู้แสดงความคิดเห็นระบุพฤติกรรมและความเสี่ยงต่าง ๆ เช่น เครียด ดื่มแอลกอฮอล์ นอนน้อย ทำงานหนัก ควันรถและฝุ่น อาหารหมักดอง ไม่ออกกำลังกาย รวมถึงการฉีดวัคซีนโควิด,0.95,medical_misinformation
c0310,เลี่ยงการอยู่กับคนที่สูบบุหรี่ สูบพอต อย่าทนนน เพราะมันทำร้ายตัวเอง,67,advice_info,smoking,smoking,สูบบุหรี่ | สูบพอต,general,not_stated,none_mentioned,not_stated,แนะนำให้หลีกเลี่ยงการอยู่ใกล้คนที่สูบบุหรี่หรือสูบพอดเพราะเป็นการทำร้ายตัวเอง,0.9,
c0312,ไม่รักษาศีล ทำแต่กรรมชั่วเช่น ปาณาติบาต ทำให้กรรมเก่าได้ช่องส่งผล ให้ได้รับวิบากกรรมที่เคยทำมา ต่างๆนาๆเยอะแยะมากมาก และที่สำคัญไม่รักตัวเองเบียดเบียนตัวเอง,156,risk_opinion,other_risk,other_risk,ไม่รักษาศีล | ทำแต่กรรมชั่วเช่น ปาณาติบาต | ไม่รักตัวเองเบียดเบียนตัวเอง,general,not_stated,none_mentioned,not_stated,ผู้แสดงความคิดเห็นมองว่าเกิดจากการไม่รักษาศีล ทำกรรมชั่ว เช่น ปาณาติบาต ส่งผลให้ได้รับวิบากกรรม และการไม่รักตัวเองเบียดเบียนตัวเอง,0.8,
c0313,พักผ่อนน้อย คิดเยอะ กินอะไรง่ายๆ ลูกชิ้นชอบมากกก ผักไม่ค่อยกิน หมูทะแทบทุกอาทิตย์ค่า,84,risk_opinion,poor_sleep|stress|unhealthy_diet_general|processed_meat|low_veg_fibre|grilled_charred,poor_sleep,พักผ่อนน้อย | คิดเยอะ | กินอะไรง่ายๆ | ลูกชิ้น | ผักไม่ค่อยกิน | หมูทะ,self,not_stated,none_mentioned,not_stated,ผู้แสดงความคิดเห็นระบุพฤติกรรมเสี่ยงของตนเอง ได้แก่ พักผ่อนน้อย คิดมาก กินอาหารง่ายๆ ชอบกินลูกชิ้น ไม่ค่อยกินผัก และกินหมูกระทะเกือบทุกสัปดาห์,0.92,
c0314,กินอาหารรสจัด น้ำจิ้ม ซอส ของแปรรูป ของหวาน,43,risk_opinion,strong_flavour|processed_meat|sugary_drinks,strong_flavour,กินอาหารรสจัด | น้ำจิ้ม | ซอส | ของแปรรูป | ของหวาน,general,not_stated,none_mentioned,not_stated,ระบุพฤติกรรมเสี่ยงคือการรับประทานอาหารรสจัด น้ำจิ้ม ซอส อาหารแปรรูป และของหวาน,0.92,
c0315,,324,personal_story,poor_sleep|stress|fried_fatty|processed_meat|grilled_charred|sugary_drinks|low_veg_fibre|no_exercise|other_risk|hormones_meds|irregular_meals,poor_sleep,นอนดึก | คิดมาก | เครียด | คิ้วขมวดตลอดเวลา | ชอบกินหมูกรอบ | มาม่า | ชอบของทอดเป็นที่สุด | ชอบอาหารแปรรูป | กินหมูกระทะบ่อยมาก | ชอบขนมหวาน | ขนมถุงร้านสะดวกซื้อ | ไม่ทานผัก(ทานน้อยมาก) | ไม่ออกกำลังกาย | ดื่มน้ำน้อย | เป็นอะไรนิดๆหน่อยๆก็ทานยา | อดอาหาร,self,unspecified,diet_lifestyle,not_stated,ผู้แสดงความคิดเห็นเล่าพฤติกรรมเสี่ยงในอดีตของตนเอง เช่น นอนดึก เครียด ทานของทอด อาหารแปรรูป ปิ้งย่าง ขนมหวาน ไม่ออกกำลังกาย และทานยาบ่อย จนป่วยเป็นมะเร็ง โดยปัจจุบันได้ปรับเปลี่ยนพฤติกรรมทั้งหมดแล้ว,0.95,
c0316,เครียด พักผ่อนน้อย สูบบุหรี่ไฟฟ้าและดื่มบ่อยครับ กินน้ำน้อย,59,risk_opinion,stress|poor_sleep|smoking|alcohol|other_risk,stress,เครียด | พักผ่อนน้อย | สูบบุหรี่ไฟฟ้า | ดื่มบ่อย | กินน้ำน้อย,general,not_stated,none_mentioned,not_stated,ผู้แสดงความเห็นระบุพฤติกรรมเสี่ยง ได้แก่ ความเครียด การพักผ่อนน้อย การสูบบุหรี่ไฟฟ้า การดื่มแอลกอฮอล์บ่อย และการดื่มน้ำน้อย,0.88,
c0317,วัคซีนโควิดมีส่วนด้วยครับ,25,risk_opinion,other_risk,other_risk,วัคซีนโควิด,general,not_stated,none_mentioned,not_stated,ผู้แสดงความเห็นระบุว่าวัคซีนโควิดอาจมีส่วนเกี่ยวข้องกับความเสี่ยงการเกิดมะเร็ง,0.85,medical_misinformation
c0318,งานมันเครียดอ่ะ ให้ทำยังไง,26,risk_opinion,stress,stress,งานมันเครียด,self,not_stated,none_mentioned,not_stated,ผู้แสดงความคิดเห็นระบุถึงความเครียดจากการทำงานและถามเชิงตัดพ้อว่าให้ทำอย่างไร,0.85,
c0319,เท่าที่อ่านเม้นท์ เครียด พักผ่อนน้อย บะหมี่กึ่งสำเร็จรูป ไส้กรอก อาหารแปรรูปทุกชนิด ของทอด มันๆ น้ำอัดลม เหล้า อาหารค้างคืน เอาจริงๆ งดไม่กี่อย่างเอง ก็ลดความเสี่ยงได้เยอะนะ,173,risk_opinion,stress|overwork|processed_meat|fried_fatty|sugary_drinks|alcohol|reheated_leftover,stress,เครียด | พักผ่อนน้อย | บะหมี่กึ่งสำเร็จรูป | ไส้กรอก | อาหารแปรรูปทุกชนิด | ของทอด | มันๆ | น้ำอัดลม | เหล้า | อาหารค้างคืน,general,not_stated,none_mentioned,not_stated,ผู้แสดงความเห็นสรุปพฤติกรรมเสี่ยงจากความเห็นอื่น ๆ เช่น ความเครียด พักผ่อนน้อย อาหารแปรรูป ของทอด น้ำอัดลม สุรา และอาหารค้างคืน พร้อมมองว่างดสิ่งเหล่านี้ช่วยลดความเสี่ยงได้,0.92,
c0320,มีหลายอย่างที่กำลังทำ เข้าค่ายกระตุ้นการเกิดมะเร็งนะ,52,risk_opinion,none_mentioned,none_mentioned,,general,not_stated,none_mentioned,not_stated,ผู้แสดงความคิดเห็นระบุว่ามีหลายสิ่งที่กำลังทำซึ่งเข้าข่ายกระตุ้นการเกิดมะเร็ง โดยไม่ได้ระบุพฤติกรรมหรือชนิดมะเร็งเฉพาะเจาะจง,0.85,
c0321,ขอสอบถามครับถ้าขับถ่ายไม่เป็นเวลาขับถ่ายยากต้องพึ่งไฟเบอร์ตลอดแบบนี้เสี่ยงต่อการเป็นมะเร็งไหมครับ,97,risk_opinion,irregular_bowel,irregular_bowel,ขับถ่ายไม่เป็นเวลา | ขับถ่ายยาก,self,not_stated,supplement_alternative,not_stated,ผู้แสดงความคิดเห็นสอบถามว่าการขับถ่ายไม่เป็นเวลา ขับถ่ายยาก และต้องพึ่งไฟเบอร์ตลอด เสี่ยงต่อการเป็นมะเร็งหรือไม่,0.88,
c0322,,419,risk_opinion,grilled_charred|processed_meat,grilled_charred,ปิ้งย่าง | แปรรูป,self,not_stated,none_mentioned,not_stated,ผู้แสดงความเห็นเล่าถึงการดูแลสุขภาพของตนเอง โดยรับประทานอาหารทั่วไป มีกินของปิ้งย่างและอาหารแปรรูปบ้าง และปล่อยวางเรื่องความเสี่ยงมะเร็ง,0.85,
c0324,,1367,personal_story,alcohol|overweight|fried_fatty|no_screening|other_risk,alcohol,กินเหล้า | อ้วนขึ้น | มันๆ ก็กินหมด | ไม่เคยตรวจสุขภาพ | ถั่วบดตามร้านเกี๋ยวเตี๋ยว อัลฟาท็อกซ์ซิน เชื้อราในถั่วบดเก่าๆ ค้างๆ,family,liver,delayed_care|supplement_alternative|diet_lifestyle|advice_to_others,died,พ่อของผู้แสดงความคิดเห็นป่วยเป็นมะเร็งตับและเสียชีวิตแล้ว โดยระบุพฤติกรรมเสี่ยงจากการดื่มแอลกอฮอล์ กินของมัน ภาวะน้ำหนักเกิน ไม่ตรวจสุขภาพ และการบริโภคถั่วบดที่มีเชื้อราอัลฟาท็อกซิน,0.9,
c0328,มะเร็งเป็นโรคที่เหมือน กับการเสี่ยงโชค,38,risk_opinion,none_mentioned,none_mentioned,,general,not_stated,none_mentioned,not_stated,ผู้แสดงความคิดเห็นมองว่าโรคมะเร็งเหมือนกับการเสี่ยงโชค ไม่ได้ระบุพฤติกรรมเสี่ยงที่ชัดเจน,0.85,
c0329,กินไม่เลือกว่าแต่ท้องอิ่มก็พอ ไม่ชอบกินน้ำเปล่า￼ ชอบกินบะหมี่กึ่งสำเร็จรูป สูบบุหรี่วันละซอง ดื่มแอลกอฮอลทุกวัน นอนตี4ตื่นบ่าย2 // พบที่ต่อมน้ำเหลือง stage 2 // นับตั้บแต่ตรวจพบผ่านมา 7 ปีแล้วครับ,196,personal_story,unhealthy_diet_general|processed_meat|smoking|alcohol|poor_sleep,unhealthy_diet_general,กินไม่เลือกว่าแต่ท้องอิ่มก็พอ | ไม่ชอบกินน้ำเปล่า | ชอบกินบะหมี่กึ่งสำเร็จรูป | สูบบุหรี่วันละซอง | ดื่มแอลกอฮอลทุกวัน | นอนตี4ตื่นบ่าย2,self,lymphoma,none_mentioned,remission,ผู้แสดงความคิดเห็นเล่าประสบการณ์ตรวจพบมะเร็งที่ต่อมน้ำเหลืองระยะที่ 2 มานาน 7 ปี โดยมีพฤติกรรมเสี่ยงคือกินไม่เลือก ชอบกินบะหมี่กึ่งสำเร็จรูป สูบบุหรี่ ดื่มแอลกอฮอล์ และนอนดึก,0.92,
c0330,ผู้หญิงฉีดHPV ด้วยนะคะ ป้องกันมะเร็งปากมดลูก ติดทางเพศสัมพันธ์ค่ะ,65,advice_info,infection,infection,HPV | ติดทางเพศสัมพันธ์,general,cervix,advice_to_others,not_stated,ผู้แสดงความคิดเห็นแนะนำให้ผู้หญิงฉีดวัคซีน HPV เพื่อป้องกันมะเร็งปากมดลูก พร้อมระบุว่าเชื้อ HPV ติดต่อทางเพศสัมพันธ์,0.95,
c0332,,249,personal_story,none_mentioned,none_mentioned,,family,unspecified,diet_lifestyle,remission,แม่ของผู้แสดงความคิดเห็นดูแลสุขภาพ ออกกำลังกายและทานอาหารคลีน แต่ตรวจพบโรคระยะ 3-4 ได้รับการรักษาจนโรคสงบแล้ว และยังคงคุมอาหารพร้อมออกกำลังกายต่อเนื่อง,0.93,
c0333,ควันบุหรี่มือสอง มือสาม ไม่สูบเอง ก็เป็นมะเร็งได้ ฝุ่นpm2.5 มลพิษบนท้องถนน การเผาไหม้ทุกรูปแบบ อยู่ใกล้โรงงานอุตสาหกรรม มะเร็งปอด อันดับ1 ผช. และอันดับ3 ของผญ.นะ,161,advice_info,smoking|pollution,smoking,ควันบุหรี่มือสอง มือสาม | ฝุ่นpm2.5 | มลพิษบนท้องถนน | การเผาไหม้ทุกรูปแบบ | อยู่ใกล้โรงงานอุตสาหกรรม,general,lung,none_mentioned,not_stated,ผู้แสดงความคิดเห็นระบุว่าควันบุหรี่มือสอง มือสาม ฝุ่น PM2.5 มลพิษบนท้องถนน การเผาไหม้ และการอยู่ใกล้โรงงานอุตสาหกรรม เสี่ยงทำให้เป็นมะเร็งปอด,0.95,
c0334,รู้ตัวว่าสักวันนึงจะต้องเป็น ด้วยพฤติกรรมการกิน การใช้ชีวิตของตัวเอง แต่เพียงแค่ตอนนี้ยังไม่เจอ แต่ทำใจไว้แล้วโลกก็ไม่ได้น่าอยู่อย่างที่คิดไว้ : ),146,risk_opinion,unhealthy_diet_general|other_risk,unhealthy_diet_general,พฤติกรรมการกิน | การใช้ชีวิต,self,not_stated,none_mentioned,not_stated,ผู้แสดงความเห็นคาดว่าตนเองอาจเป็นมะเร็งในอนาคตจากพฤติกรรมการกินและการใช้ชีวิตของตัวเอง แต่ปัจจุบันยังไม่พบว่าเป็น,0.85,
c0335,อากง อาโกว สูบบุหรี่จัดวันละซองได้ อายุ70 มะเร็งปอด เสียชีวิต,61,personal_story,smoking,smoking,สูบบุหรี่จัดวันละซอง,family,lung,none_mentioned,died,อากงและอาโกวสูบบุหรี่จัดวันละซอง เป็นมะเร็งปอดและเสียชีวิตตอนอายุ 70 ปี,0.95,
c0337,,549,personal_story,reheated_leftover|stress,reheated_leftover,กินอาหารค้างคืน อาหารถุงข้าวแกง กินไม่หมดนำมาใส่ตู้เย็น แล้วเวฟกิน ซ้ำๆๆ บ่อยๆ | ความเครียด,family,bone_sarcoma,none_mentioned,not_stated,ผู้แสดงความเห็นเคยดูแลน้าที่เป็นมะเร็งกระดูกลามไปสมองระยะที่ 4 เล่าว่าก่อนป่วยชอบกินอาหารค้างคืนนำมาเวฟซ้ำบ่อยๆ และมองว่าความเครียดมีส่วนทำให้เกิดและโรคลุกลาม,0.9,
c0338,ไม่ชอบกินอาหารแปรรูป กินไปเรื่อย นอนเยอะ ก็เป็น ชอบกินแปบซี่,60,personal_story,unhealthy_diet_general|sugary_drinks,sugary_drinks,กินไปเรื่อย | ชอบกินแปบซี่,self,unspecified,none_mentioned,not_stated,ผู้แสดงความเห็นเล่าว่าตนเองไม่ชอบกินอาหารแปรรูปและนอนเยอะแต่ก็ยังเป็น โดยระบุพฤติกรรมว่ากินไปเรื่อยและชอบดื่มเป๊ปซี่,0.85,
c0340,ย่านอนตั้งแต่3ทุ่ม กลางวันก็นอนอีก ยังเป็นมะเร็ง เกี่ยวหรอนอนดึกจะเป็นมะเร็ง,76,personal_story,none_mentioned,none_mentioned,,family,unspecified,none_mentioned,not_stated,ผู้แสดงความเห็นเล่าว่าย่านอนแต่หัวค่ำและนอนกลางวันแต่ยังเป็นมะเร็ง จึงตั้งคำถามว่าการนอนดึกเกี่ยวข้องกับการเกิดมะเร็งจริงหรือไม่,0.88,
c0341,เครียดคึดเเต่เรื่องงาน ขับถ่ายไม่สะดวก นอนน้อยคือไม่หลับจะมาหลับช่วงเช้านึดนึง (3 ปีแล้วกับการอยุ่กับมะเร้งที่พยายามทำจิตใจให้สบาย หวังว่าเค้าจะหยุดกระจายสักที),160,personal_story,stress|irregular_bowel|poor_sleep,stress,เครียดคึดเเต่เรื่องงาน | ขับถ่ายไม่สะดวก | นอนน้อยคือไม่หลับจะมาหลับช่วงเช้านึดนึง,self,unspecified,none_mentioned,progressed,ผู้แสดงความคิดเห็นเล่าถึงตนเองที่เป็นมะเร็งมา 3 ปีและยังมีการลุกลาม โดยระบุพฤติกรรมเสี่ยงคือความเครียดเรื่องงาน ปัญหาการขับถ่าย และอาการนอนไม่หลับ,0.92,
c0342,ดวง…..อยู่ที่น้องมะเร็งจะเลือกใคร,33,risk_opinion,other_risk,other_risk,ดวง,general,unspecified,none_mentioned,not_stated,ผู้แสดงความเห็นมองว่าการเป็นมะเร็งขึ้นอยู่กับดวงและโชคชะตา ว่ามะเร็งจะเกิดกับใคร,0.82,
c0343,เครียด ซึมเศร้า นอนดึก,22,risk_opinion,stress|poor_sleep,stress,เครียด | ซึมเศร้า | นอนดึก,general,not_stated,none_mentioned,not_stated,ผู้แสดงความคิดเห็นระบุว่าความเครียด ซึมเศร้า และการนอนดึกเป็นปัจจัยเสี่ยงของการเกิดมะเร็ง,0.95,
c0344,กินอาหารไม่ทีประโยช และไม่ออกกำลังกายแบบเรา,43,risk_opinion,unhealthy_diet_general|no_exercise,unhealthy_diet_general,กินอาหารไม่ทีประโยช | ไม่ออกกำลังกาย,self,not_stated,none_mentioned,not_stated,ผู้แสดงความเห็นระบุพฤติกรรมเสี่ยงคือการกินอาหารที่ไม่มีประโยชน์และไม่ออกกำลังกาย โดยเปรียบเทียบกับพฤติกรรมของตัวเอง,0.92,
c0345,กินดีกินคลีน ออกกำลัง แต่นอนวันละ 4 ชม มาสิบปี และเครียด และอ้วน,64,risk_opinion,poor_sleep|stress|overweight,poor_sleep,นอนวันละ 4 ชม | เครียด | อ้วน,self,not_stated,none_mentioned,not_stated,ผู้แสดงความคิดเห็นระบุว่าตนเองกินคลีนและออกกำลังกาย แต่นอนเพียงวันละ 4 ชั่วโมงต่อเนื่องมาเป็นเวลาสิบปี มีความเครียด และมีภาวะอ้วน,0.88,
c0346,,365,personal_story,none_mentioned,none_mentioned,,family,lymphoma,chemotherapy,died,คุณพ่อของผู้แสดงความคิดเห็นดูแลสุขภาพเป็นอย่างดีและไม่มีพฤติกรรมเสี่ยง แต่ป่วยเป็นมะเร็งต่อมน้ำเหลือง เข้ารับการรักษาด้วยเคมีบำบัดและเสียชีวิตในที่สุด,0.95,
c0348,เครียดครับ แต่ผมดูดกัญชาแล้วก็โล่งเลย หายครับ,45,risk_opinion,stress,stress,เครียด,self,not_stated,none_mentioned,not_stated,ผู้แสดงความคิดเห็นระบุว่าความเครียดเป็นปัจจัยเสี่ยง และเล่าว่าตนเองสูบกัญชาเพื่อคลายเครียด,0.85,
c0349,เท่าที่อ่านมาในนี้บางคนดูตัวเองดีสุดๆก็ยังพลาดให้มันได้ มันอยู่ในตัวทุกคนจริงๆ,78,risk_opinion,none_mentioned,none_mentioned,,general,not_stated,none_mentioned,not_stated,ผู้แสดงความเห็นมองว่าแม้จะดูแลตัวเองดีก็ยังมีโอกาสเป็นมะเร็ง โดยเชื่อว่ามะเร็งอยู่ในตัวของทุกคน,0.78,
c0351,มีเรื่องเข้ามาแล้วจัดการความเครียดได้ไม่ดี มีชีวิตวัยเด็กที่เต็มไปด้วยดราม่า มีความเครียดสะสมมานาน โตมาแบบโภชนาการไม่ดีด้วย เพิ่งมากินผักตอนโต,142,risk_opinion,stress|unhealthy_diet_general|low_veg_fibre,stress,จัดการความเครียดได้ไม่ดี | มีความเครียดสะสมมานาน | โภชนาการไม่ดี | เพิ่งมากินผักตอนโต,self,not_stated,none_mentioned,not_stated,ผู้แสดงความคิดเห็นระบุถึงความเครียดสะสมและการจัดการความเครียดได้ไม่ดีในชีวิต รวมถึงโภชนาการที่ไม่ดีในวัยเด็กและการเพิ่งเริ่มกินผักตอนโต,0.85,
c0352,พ่อเสียจากการเป็นมะเร็งลิ้นและมะเร็งต่อมน้ำเหลืองบริเวณคอ หลังจากตรวจเจอประมาณ1 ปี เป็นคนสูบบุหรี่ กินเบียร์อย่างต่ำวันละ3ขวดเกือบทุกวัน เครียดบ่อย พักผ่อนน้อยนอนวันละ4-6ชม นอนดึกตื่นเช้า,187,personal_story,smoking|alcohol|stress|overwork|poor_sleep,smoking,สูบบุหรี่ | กินเบียร์อย่างต่ำวันละ3ขวดเกือบทุกวัน | เครียดบ่อย | พักผ่อนน้อย | นอนวันละ4-6ชม นอนดึกตื่นเช้า,family,multiple,none_mentioned,died,พ่อของผู้แสดงความเห็นเสียชีวิตจากมะเร็งลิ้นและมะเร็งต่อมน้ำเหลืองบริเวณคอหลังตรวจพบประมาณ 1 ปี โดยมีพฤติกรรมสูบบุหรี่ ดื่มเบียร์เป็นประจำ เครียดบ่อย พักผ่อนน้อย และนอนดึกตื่นเช้า,0.95,
c0355,คหสต อาหาร เข้าไมโครเวฟ อาทิตย์ละ 3 วัน + เสี่ยงสูง,51,risk_opinion,reheated_leftover,reheated_leftover,อาหาร เข้าไมโครเวฟ อาทิตย์ละ 3 วัน +,general,not_stated,none_mentioned,not_stated,ผู้แสดงความคิดเห็นระบุความเห็นส่วนตัวว่าการรับประทานอาหารที่เข้าไมโครเวฟสัปดาห์ละ 3 วันขึ้นไปมีความเสี่ยงสูง,0.88,
c0356,"แม่ผม ชอบกินผัก ทุกมื้อต้องมีผัก
ตอนนี้รักษามะเร็งอยู่ครับ",58,personal_story,none_mentioned,none_mentioned,,family,unspecified,none_mentioned,in_treatment,แม่ของผู้แสดงความคิดเห็นชอบรับประทานผักทุกมื้อ และปัจจุบันกำลังอยู่ระหว่างการรักษามะเร็ง,0.95,
c0357,"เป็นตอนอายุ 14 ปี เป็นโดยไม่รู้ว่าเหตุ เป็นมะเร็งกระดูก ระยะลุกลามไปที่ปอดแล้ว
ต้องตัดขา ตัดปอด ปัจจุบันรอดชีวิตมาแล้วค่ะ",121,personal_story,none_mentioned,none_mentioned,,self,bone_sarcoma,surgery,remission,ผู้แสดงความคิดเห็นเล่าว่าเป็นมะเร็งกระดูกตอนอายุ 14 ปี ไม่ทราบสาเหตุ และลุกลามไปปอด ได้รับการผ่าตัดตัดขาและตัดปอด ปัจจุบันรอดชีวิตแล้ว,0.95,
c0358,สูบบุหรี่มา25ปี นอนน้อยมากๆมาหลายปี เครียดบ่อย,46,risk_opinion,smoking|poor_sleep|stress,smoking,สูบบุหรี่มา25ปี | นอนน้อยมากๆมาหลายปี | เครียดบ่อย,self,not_stated,none_mentioned,not_stated,ผู้แสดงความเห็นระบุพฤติกรรมเสี่ยงของตนเอง ได้แก่ สูบบุหรี่มา 25 ปี นอนน้อยมากต่อเนื่องหลายปี และมีความเครียดบ่อย,0.9,
c0359,ดื่มเหล้า ทำงานกลางแดด นอนดึก เครียดชอบกิบลาบหลู้ แหนมดิบแดงๆไม่ชอบของขมๆค่ะ,76,risk_opinion,alcohol|overwork|poor_sleep|stress|raw_undercooked,alcohol,ดื่มเหล้า | ทำงานกลางแดด | นอนดึก | เครียด | ชอบกิบลาบหลู้ | แหนมดิบแดงๆ,general,not_stated,none_mentioned,not_stated,ผู้แสดงความคิดเห็นระบุพฤติกรรมเสี่ยง ได้แก่ ดื่มเหล้า ทำงานกลางแดด นอนดึก เครียด และชอบกินของดิบ เช่น ลาบหลู้ แหนมดิบ,0.9,
c0360,,227,personal_story,stress|poor_sleep,stress,เครียด | นอนไม่หลับเป็นเดือนๆ,family,unspecified,none_mentioned,not_stated,แม่ของผู้แสดงความคิดเห็นเป็นมะเร็ง โดยระบุสาเหตุว่ามาจากความเครียดและอาการนอนไม่หลับ ทั้งที่ดูแลเรื่องอาหารการกินเป็นอย่างดี,0.9,
c0361,[ชื่อ] ความเครียด กรรมพันธุ์,28,risk_opinion,stress|genetic_family,stress,ความเครียด | กรรมพันธุ์,general,not_stated,none_mentioned,not_stated,ผู้แสดงความคิดเห็นระบุว่าความเครียดและกรรมพันธุ์เป็นปัจจัยเสี่ยง โดยมีการแท็กชื่อบุคคล,0.85,
c0362,นอนดึกพักผ่อนน้อย,17,risk_opinion,poor_sleep|overwork,poor_sleep,นอนดึก | พักผ่อนน้อย,general,not_stated,none_mentioned,not_stated,ผู้แสดงความคิดเห็นระบุว่าการนอนดึกและพักผ่อนน้อยเป็นพฤติกรรมเสี่ยง,0.95,
c0363,เครียดเป๊ะในการทำงานและใช้ชีวิตครอบครัวที่ไม่ได้ดั่งใจอยู่กับความกดดันตลอดแต่ดูแลตัวเองดีกรรมพันธุ์ไม่มี,104,risk_opinion,stress,stress,เครียดเป๊ะในการทำงาน | อยู่กับความกดดันตลอด,self,not_stated,none_mentioned,not_stated,ผู้แสดงความคิดเห็นระบุถึงความเครียดและความกดดันจากการทำงานและชีวิตครอบครัวของตนเอง แม้จะดูแลตัวเองดีและไม่มีประวัติด้านกรรมพันธุ์,0.85,
c0364,,386,personal_story,sugary_drinks,sugary_drinks,ชอบกินน้ำอัดลม | ขวดเปปซี่,family,colorectal,none_mentioned,not_stated,คุณแม่ของผู้แสดงความคิดเห็นเป็นมะเร็งลำไส้ โดยมีพฤติกรรมชอบดื่มน้ำอัดลมเป็นประจำ แต่เรื่องอื่นระมัดระวังการกินอย่างมาก,0.92,
c0365,,278,risk_opinion,smoking|pollution|smoke_fumes_home,smoking,สูบบุหรี่กลางสี่แยกไฟแดง | สูบบุหรี่ไฟฟ้าข้างๆตอนไปทำธุระข้าวนอก | พ่นหมึกอโรม่า | เผาควันไล่ยุง,self,lung,none_mentioned,not_stated,ผู้แสดงความเห็นกล่าวถึงความเสี่ยงมะเร็งปอดจากควันบุหรี่มือสอง ควันไอเสียรถ และควันไฟไล่ยุงที่พบเจอในชีวิตประจำวันเชิงประชดประชัน,0.85,sarcasm_or_joke
c0366,,635,advice_info,no_screening,no_screening,ไม่ใส่ใจ...เรื่องการตรวจสุขภาพประจำปี,general,not_stated,screening_checkup|advice_to_others,not_stated,ผู้แสดงความคิดเห็นให้คำแนะนำเรื่องการตรวจสุขภาพประจำปี การปรับพฤติกรรมการกิน และการออกกำลังกายเพื่อป้องกันโรค,0.9,
c0368,คุณพ่ออายุ 72 ไม่เคยกินเหล้า ไม่เคยสูบบุหรี่ ไม่ชอบกินเนื้อสัตย์ ของทอดแทบไม่แตะกินแต่ผักแต่หญ้า ออกกำลังกาย (เป็นนักมวย) มะเร็งปอดค่ะ,134,personal_story,none_mentioned,none_mentioned,,family,lung,none_mentioned,not_stated,บิดาวัย 72 ปี ป่วยเป็นมะเร็งปอด โดยมีประวัติสุขภาพดี ออกกำลังกาย ไม่ดื่มสุรา ไม่สูบบุหรี่ และไม่ทานของทอดหรือเนื้อสัตว์,0.95,
c0369,,268,personal_story,grilled_charred|fried_fatty|strong_flavour|other_risk|stress|smoking|alcohol,grilled_charred,ของปิ้งย่างไหม้ๆติดมัน | อาหารพวกผัดเผ็ดสับรวมกระดูก พวกหนูนา นก กบ มันย่อยไม่ได้ไปหมักหมมอุดตันลำไส้ | ความเครียด คิดมาก | บุหรี่ | เหล้า เบียร์,family,colorectal,palliative_hospice,died,แม่สามีของผู้แสดงความเห็นเสียชีวิตจากมะเร็งลำไส้ลามไปตับ โดยระบุพฤติกรรมเสี่ยงจากการกินของปิ้งย่างไหม้ติดมัน อาหารสับรวมกระดูกย่อยยาก ความเครียด สูบบุหรี่ และดื่มเหล้าเบียร์สะสมมาตั้งแต่วัยรุ่น,0.92,
c0370,[ชื่อ]ตัวชอบเครียดเกินอ่ะ,25,risk_opinion,stress,stress,ชอบเครียดเกิน,friend,not_stated,none_mentioned,not_stated,แท็กเพื่อนและระบุพฤติกรรมความเครียด (ชอบเครียดเกิน),0.85,
c0371,เครียด นอนดึก นอนน้อย ไม่ออกกำลังกาย (ยังไม่เป็น แต่พิมพ์รอไว้เลย -..-),71,risk_opinion,stress|poor_sleep|no_exercise,stress,เครียด | นอนดึก | นอนน้อย | ไม่ออกกำลังกาย,self,not_stated,none_mentioned,not_stated,ผู้แสดงความคิดเห็นระบุพฤติกรรมเสี่ยงคือเครียด นอนดึก นอนน้อย และไม่ออกกำลังกาย โดยกล่าวติดตลกว่ายังไม่ได้เป็นแต่พิมพ์รอไว้ก่อน,0.9,sarcasm_or_joke
c0372,ผล ของวัคซีน แสดงฤทธิ์ แล้วครับ,31,risk_opinion,other_risk,other_risk,ผล ของวัคซีน,general,not_stated,none_mentioned,not_stated,ผู้แสดงความคิดเห็นแสดงทัศนะว่าผลหรือฤทธิ์ของวัคซีนเป็นสาเหตุของโรค,0.85,medical_misinformation
c0373,,1948,advice_info,smoking|alcohol|fried_fatty|processed_meat|low_veg_fibre|no_exercise|chemicals|other_risk|infection|genetic_family,smoking,การสูบบุหรี่และการใช้ยาสูบ | การดื่มแอลกอฮอล์ | อาหารที่มีไขมันสูง | แปรรูป | มีผักผลไม้น้อย | การขาดการออกกำลังกาย | การสัมผัสสารก่อมะเร็ง | แอสเบสตอส | สารเคมีบางชนิด | การได้รับแสงแดดมากเกินไป | การติดเชื้อไวรัสบางชนิด | ไวรัสตับอักเสบ บี และ ซี | พันธุกรรม,general,multiple,screening_checkup|diet_lifestyle|advice_to_others,not_stated,ข้อความให้ความรู้เชิงวิชาการเกี่ยวกับพฤติกรรมเสี่ยงมะเร็งหลายประเภท เช่น สูบบุหรี่ ดื่มแอลกอฮอล์ อาหารไขมันสูง/แปรรูป ขาดการออกกำลังกาย สารก่อมะเร็ง แสงแดด ไวรัส และพันธุกรรม พร้อมแนะนำวิธีปฏิบัติตัวและการตรวจคัดกรอง,0.95,
c0374,อ่านกันแล้วรีบเปลี่ยนการกินก่อนเลยด่วนๆ,39,advice_info,none_mentioned,none_mentioned,,general,not_stated,none_mentioned,not_stated,ผู้แสดงความคิดเห็นแนะนำให้ผู้อ่านรีบปรับเปลี่ยนพฤติกรรมการรับประทานอาหารโดยด่วน,0.85,
c0376,,487,advice_info,unhealthy_diet_general|stress|sugary_drinks|grilled_charred|chemicals,unhealthy_diet_general,อาหาร | ความเครียด | น้ำตาล | ของปิ้งย่าง | พืชตกค้างสารเคมีต่างๆ | สารเคมีตกค้างในอาหาร | สารเคมีอยู่รอบตัวเรา,general,not_stated,advice_to_others,not_stated,ผู้แสดงความเห็นให้ข้อมูลว่าทุกคนมีเซลล์มะเร็งแฝงอยู่ซึ่งถูกกระตุ้นได้จากปัจจัยที่ต่างกัน เช่น อาหาร ความเครียด น้ำตาล ปิ้งย่าง และสารเคมีตกค้าง พร้อมแนะนำให้ตรวจสุขภาพประจำปี,0.92,
c0377,เครียดมาเป็นอันดับต้นๆเลย,25,risk_opinion,stress,stress,เครียด,general,not_stated,none_mentioned,not_stated,ผู้แสดงความคิดเห็นระบุว่าความเครียดเป็นสาเหตุอันดับต้นๆ,0.95,
c0378,"กรรมพันธ์ เลือด 70%
นอกนั้น ใช้ชีวิต
ผลเลือด เรา จะมีผล ต่อการใช้ชีวิต
เสี่ยง แบบไหน แต่ละคนไม่เหมือนกัน
ทำ water fasting เดือนละ 1-2 ครั้ง
กิน วันละ 1-2 มื้อ",158,risk_opinion,genetic_family,genetic_family,กรรมพันธ์ เลือด 70% | นอกนั้น ใช้ชีวิต,general,not_stated,diet_lifestyle,not_stated,ผู้แสดงความคิดเห็นมองว่าความเสี่ยงมาจากกรรมพันธุ์และผลเลือด 70% ที่เหลือมาจากการใช้ชีวิต พร้อมระบุการปรับพฤติกรรมดูแลสุขภาพด้วยการทำ water fasting และกินวันละ 1-2 มื้อ,0.8,
c0379,กินอาหารแปรรูป เข้าเวฟ 7-11 พักผ่อนน้อย,39,risk_opinion,processed_meat|reheated_leftover|overwork,processed_meat,กินอาหารแปรรูป | เข้าเวฟ 7-11 | พักผ่อนน้อย,general,not_stated,none_mentioned,not_stated,แสดงความคิดเห็นว่าการรับประทานอาหารแปรรูป อาหารอุ่นไมโครเวฟ และการพักผ่อนน้อย เป็นปัจจัยเสี่ยงของการเกิดมะเร็ง,0.92,
c0380,[ชื่อ] ทุกข้อ,13,risk_opinion,none_mentioned,none_mentioned,,unclear,not_stated,none_mentioned,not_stated,ผู้แสดงความคิดเห็นแท็กผู้อื่นและระบุสั้นๆ ว่า 'ทุกข้อ' โดยไม่ได้ระบุพฤติกรรมเสี่ยงหรือเคสอย่างชัดเจน,0.45,ambiguous|needs_human_review
c0381,เครียดเรื่องงานโดยเฉพาะสังคมที่ทำงาน เก็บเอาคิดทุกเม็ด เจอ 3 ก้อนตอนนี้รักษาอาการสงบแล้ว แต่ก็ไม่อยากประมาทครับ เป็นกำลังใจให้ทุกคนนะครับ บางเรื่องก็ต้องปล่อยวางไป,163,personal_story,stress,stress,เครียดเรื่องงานโดยเฉพาะสังคมที่ทำงาน | เก็บเอาคิดทุกเม็ด,self,unspecified,none_mentioned,remission,ผู้แสดงความคิดเห็นเล่าประสบการณ์ตนเองที่เครียดเรื่องงานและสังคมที่ทำงานจนตรวจพบก้อนเนื้อ 3 ก้อน ปัจจุบันรักษาจนอาการสงบแล้ว,0.88,
c0382,เครียด นอนน้อยกว่า 6 ช.ม. ดื่มน้ำน้อย กินอาหารแปรรูป กินอาหารรสจัด กินน้ำตาล (น้ำหวาน ขนมหวาน) กินของทอด กินของปิ้งย่าง ดื่มแอลกอฮอล สูบบุหรี่,142,risk_opinion,stress|poor_sleep|other_risk|processed_meat|strong_flavour|sugary_drinks|fried_fatty|grilled_charred|alcohol|smoking,stress,เครียด | นอนน้อยกว่า 6 ช.ม. | ดื่มน้ำน้อย | กินอาหารแปรรูป | กินอาหารรสจัด | กินน้ำตาล (น้ำหวาน ขนมหวาน) | กินของทอด | กินของปิ้งย่าง | ดื่มแอลกอฮอล | สูบบุหรี่,general,not_stated,none_mentioned,not_stated,ผู้แสดงความคิดเห็นระบุพฤติกรรมเสี่ยงต่อการเกิดมะเร็ง ได้แก่ ความเครียด นอนน้อย ดื่มน้ำน้อย รับประทานอาหารแปรรูป รสจัด น้ำตาล ของทอด ของปิ้งย่าง ดื่มแอลกอฮอล์ และสูบบุหรี่,0.95,
c0383,"ใช้ชีวิตมาอย่างดี มาตายตอนวัคซีนโควิด
(วัคซีนสัตว์นรก) ประหนึ่งไฟไหม้ลำไส้ ไฟไหม้ร่างกาย นรกนั่นแน่ะ อย่างอื่นมันเป็นปัจจัยสะสม แต่วัซีนนรกคือปัจจัยหลัก ทุกข์ทรมานดั่งตกนรก",172,personal_story,other_risk,other_risk,วัคซีนโควิด | วัคซีนสัตว์นรก | วัซีนนรก,self,not_stated,none_mentioned,not_stated,ผู้แสดงความเห็นระบุว่าตนเองใช้ชีวิตมาอย่างดี แต่เชื่อว่าวัคซีนโควิดเป็นปัจจัยหลักที่ทำให้เจ็บป่วยและทุกข์ทรมานอย่างหนัก,0.8,medical_misinformation
c0384,,386,personal_story,none_mentioned,none_mentioned,,family,thyroid,sought_care_prompt|second_opinion,died,คุณแม่ของผู้แสดงความเห็นตรวจพบมะเร็งไทรอยด์ชนิด Anaplastic และเสียชีวิตภายใน 3 เดือน โดยระบุว่าไม่ทราบสาเหตุแน่ชัด,0.95,
c0385,เครียด ช่วงนั้นทำโปรเจคจบ หลักๆชอบทานอาหารรสจัด อาหารแปรรูป จำพวกเวฟร้อนๆ และของหวาน จำพวกเยลลี่ เป็นคนชอบออกกำลังกายนะ กินครบ 3มื้อ เข้านอนเร็ว เป็นมะเร็งถุงน้ำรังไข่,167,personal_story,stress|strong_flavour|processed_meat|reheated_leftover|sugary_drinks,stress,เครียด | อาหารรสจัด | อาหารแปรรูป | จำพวกเวฟร้อนๆ | ของหวาน จำพวกเยลลี่,self,ovary,none_mentioned,not_stated,ผู้แสดงความคิดเห็นเล่าว่าตนเองเป็นมะเร็งถุงน้ำรังไข่ โดยระบุพฤติกรรมเสี่ยงว่ามีความเครียดจากการทำโปรเจกต์จบ ชอบทานอาหารรสจัด อาหารแปรรูปอุ่นเวฟ และของหวาน,0.92,
c0386,"ใช้ชีวิตปกติครับ
แล้วทำไมถึงเป็น ?
ผ่านมา 7 ปี ตอนนี้ ก้ยังไม่รู้เลยครับ",72,personal_story,none_mentioned,none_mentioned,,self,not_stated,none_mentioned,not_stated,ผู้แสดงความคิดเห็นระบุว่าตนเองใช้ชีวิตปกติ และยังไม่ทราบสาเหตุว่าทำไมถึงป่วยมาเป็นเวลา 7 ปีแล้ว,0.85,
c0387,"ืชอบ มาม่ากินเป็นชีวิตจิตใจ ชอบอาหารเวฟ สะดวกไว หมูกระทะชอบที่สุด
แข็งแรงดุจก้อนหิน ไม่เจ็บไม่ป่วย ใช่ชีวิตมีความสุข สุดๆ
ล่าสุดป่วยเป็น ลูคีเมีย All",149,personal_story,processed_meat|reheated_leftover|grilled_charred,processed_meat,ชอบ มาม่ากินเป็นชีวิตจิตใจ | ชอบอาหารเวฟ | หมูกระทะชอบที่สุด,self,leukemia,none_mentioned,not_stated,ผู้แสดงความคิดเห็นเล่าว่าตนเองชอบกินมาม่า อาหารเวฟ และหมูกระทะ ร่างกายแข็งแรงไม่เคยป่วย แต่ล่าสุดป่วยเป็นมะเร็งเม็ดเลือดขาว (ลูคีเมีย ALL),0.92,
c0388,พ่อเราเสียชีวิตจากไวรัสตับอักเสบซีค่ะ แต่ที่เราเห็นพฤติกรรมเค้าคือชอบสูบบุหรี่ ไม่รู้ว่าเกี่ยวข้องไหม,101,personal_story,infection|smoking,infection,ไวรัสตับอักเสบซี | ชอบสูบบุหรี่,family,not_stated,none_mentioned,died,พ่อของผู้แสดงความเห็นเสียชีวิตจากไวรัสตับอักเสบซี และระบุว่ามีพฤติกรรมชอบสูบบุหรี่โดยสงสัยว่ามีความเกี่ยวข้องกันหรือไม่,0.85,
c0389,,268,personal_story,genetic_family|processed_meat|poor_sleep|overwork|unhealthy_diet_general,genetic_family,กรรมพันธ์ุครับ เป็นหลัก (ยายเป็น) | กิน เนื้อ เช้า กลางวัน เย็น | ลูกชิ้น | กินจำเจช่วงเรียนมหาลัย | นอนน้อย | ใช้ร่างกายเกิน,self,lymphoma,herbal_traditional|supplement_alternative,remission,ผู้แสดงความคิดเห็นเล่าว่าตนเองเคยเป็นมะเร็งต่อมน้ำเหลือง โดยมองว่าเกิดจากกรรมพันธุ์ การกินเนื้อวัวซ้ำๆ ลูกชิ้น นอนน้อย และใช้ร่างกายหนัก รักษาทางเลือกด้วยยาต้มจนหายมา 6 ปีแล้ว,0.95,
c0390,เราป่วยกล้ามเนื้ออ่อนแรงmgั้งแต่อายุ17 ต้องกินยา สเตียรอยด์ตลอด กดภูมิ มะเร็งเลยฉวยโอกาส และอย่าอื่นตามมาค่ะ,108,personal_story,hormones_meds|chronic_condition,hormones_meds,ป่วยกล้ามเนื้ออ่อนแรงmg | ต้องกินยา สเตียรอยด์ตลอด กดภูมิ,self,unspecified,none_mentioned,not_stated,ผู้แสดงความคิดเห็นเล่าว่าตนเองป่วยเป็นโรคกล้ามเนื้ออ่อนแรง (MG) ตั้งแต่อายุ 17 ปี และต้องรับประทานยาสเตียรอยด์กดภูมิต้านทานมาโดยตลอดจนทำให้เกิดมะเร็ง,0.9,
c0391,คนในครอบครัวใช้สีทาผนัง วาดภาพ ใช้ยาฆ่าแมลง ทำให้ปนเปื้อนสะสมหลายปี ทราบทีหลังว่าเป็นมะเร็งต่อมน้ำเหลืองครับ,108,personal_story,chemicals,chemicals,ใช้สีทาผนัง วาดภาพ ใช้ยาฆ่าแมลง ทำให้ปนเปื้อนสะสมหลายปี,family,lymphoma,none_mentioned,not_stated,คนในครอบครัวสัมผัสสารเคมีจากสีทาผนัง สีวาดภาพ และยาฆ่าแมลงสะสมหลายปี ต่อมาตรวจพบว่าเป็นมะเร็งต่อมน้ำเหลือง,0.95,
c0394,,243,personal_story,smoke_fumes_home,smoke_fumes_home,จุดธูปเทียนไหว้พระ,self,colorectal,sought_care_prompt,progressed,ผู้โพสต์เล่าว่าดูแลสุขภาพ ไม่ดื่ม ไม่สูบ แต่จุดธูปเทียนไหว้พระมานานกว่า 10 ปี จนเริ่มมีอาการไอและตรวจพบมะเร็งลำไส้ที่แพร่กระจายลามไปทั่วร่างกาย,0.92,
c0395,,223,personal_story,alcohol|poor_sleep|overwork|stress,alcohol,ดื่มเหล้าหนักทุกวัน | นอนวันละ 2-3 ชม. | ทำงานร้านเหล้า | เครียด | พักผ่อนน้อย | นอนไม่หลับต้องดื่มทุกวัน,self,unspecified,screening_checkup,remission,ผู้แสดงความคิดเห็นเล่าประสบการณ์ตนเองที่ดื่มเหล้าหนัก นอนน้อย ทำงานร้านเหล้า และมีความเครียดสะสมจนตรวจพบมะเร็งระยะสุดท้าย ปัจจุบันโรคสงบแล้วแต่สุขภาพไม่เหมือนเดิม,0.92,
c0397,,248,personal_story,smoke_fumes_home|chemicals|alcohol,smoke_fumes_home,ดมกลิ่นธูป | ดมสารเคมี | ซื้อเหล้าขาว,friend,unspecified,none_mentioned,died,ผู้แสดงความเห็นแชร์เรื่องราวของบุคคลอื่น เช่น พระที่ดมกลิ่นธูป ช่างซ่อมรถที่ดมสารเคมี และลูกค้าที่ซื้อเหล้าขาวดื่มจนเสียชีวิตด้วยโรคมะเร็ง,0.88,
c0398,บางที เกิด จาก Genetic ป่ะ ครับ กินดี แค่ไหน ูแลตัวเองดีเท่าไร ก็ อาจเป็นได้นะครับ ทางที่ดี ควร ตรวจสุขภาพเรื่อยๆดีกว่าคับ,122,risk_opinion,genetic_family,genetic_family,Genetic,general,not_stated,advice_to_others,not_stated,ผู้แสดงความเห็นมองว่ามะเร็งอาจเกิดจากพันธุกรรม แม้ดูแลตัวเองดีก็อาจเป็นได้ จึงแนะนำให้ตรวจสุขภาพอย่างสม่ำเสมอ,0.85,
c0400,กูกับมึงเข้าข่ายมาก มาม่าผัดสด ไส้กรอก,38,risk_opinion,processed_meat,processed_meat,มาม่าผัดสด | ไส้กรอก,self,not_stated,none_mentioned,not_stated,ผู้แสดงความคิดเห็นพูดคุยกับเพื่อนว่าพฤติกรรมการกินของตนเองเข้าข่ายเสี่ยง โดยระบุถึงการกินมาม่าและไส้กรอก,0.85,
c0401,อาหารน่ากลัว No1,16,risk_opinion,unhealthy_diet_general,unhealthy_diet_general,อาหารน่ากลัว No1,general,not_stated,none_mentioned,not_stated,ผู้แสดงความคิดเห็นระบุว่าอาหารเป็นปัจจัยเสี่ยงอันดับหนึ่ง,0.85,
c0402,,242,personal_story,none_mentioned,none_mentioned,,self,bone_sarcoma,surgery,remission,ผู้เขียนเล่าประสบการณ์วัยเด็กที่ขาหักแล้วตรวจพบมะเร็งกระดูก รักษา 3 ปีจนต้องตัดขา ปัจจุบันใส่ขาเทียมใช้ชีวิตตามปกติมากว่า 10 ปี,0.95,
c0404,,289,risk_opinion,stress|poor_sleep|overwork|other_risk|processed_meat,stress,เครียด | นอนดึก | พักผ่อนน้อย | นอนไม่เป็นเวลา | ออกกำลังกายหักโหมมากจนเกินไป | รับประทานอาหารแปรรูป,general,not_stated,none_mentioned,not_stated,ผู้แสดงความคิดเห็นระบุพฤติกรรมเสี่ยงจากข้อสังเกต ได้แก่ ความเครียด การนอนดึกพักผ่อนน้อย นอนไม่เป็นเวลา การออกกำลังกายหักโหมเกินไป และการรับประทานอาหารแปรรูป,0.92,
c0406,,324,personal_story,stress|overwork|poor_sleep|processed_meat|grilled_charred|sugary_drinks,stress,ทำงานเครียดๆ | เร่งๆ ทุกวัน | โต้รุ่ง | มาม่าและ 7/11 | นอนน้อยกว่า 5 ชม. | ข้าวเหนียวหมูปิ้ง | ชาเย็น กาแฟเย็น,self,unspecified,diet_lifestyle,not_stated,ผู้เขียนเล่าประสบการณ์ตนเองหลังตรวจพบมะเร็ง โดยระบุพฤติกรรมเดิมว่าทำงานเครียด โต้รุ่ง นอนน้อย รับประทานบะหมี่กึ่งสำเร็จรูป หมูปิ้ง และชาเย็นกาแฟเย็นเป็นประจำ ก่อนปรับเปลี่ยนการนอนและอาหาร,0.92,
c0408,ที่บ่นเรื่องการกินมาม่าอะ,25,risk_opinion,processed_meat,processed_meat,การกินมาม่า,general,not_stated,none_mentioned,not_stated,กล่าวถึงการกินบะหมี่กึ่งสำเร็จรูป (มาม่า) ในลักษณะอ้างถึงข้อกังวลหรือการบ่นเกี่ยวกับเรื่องนี้,0.7,ambiguous
c0411,"[ชื่อ] ส่วนใหญ่คือเครียด นอนน้อย อาหารแปรรูป แม่เป็นได้ไงวะ?
มีผักสดด้วยนะ",74,personal_story,stress|poor_sleep|processed_meat|chemicals,stress,เครียด | นอนน้อย | อาหารแปรรูป | ผักสด,family,unspecified,none_mentioned,not_stated,ผู้แสดงความคิดเห็นระบุปัจจัยเสี่ยงส่วนใหญ่คือความเครียด นอนน้อย อาหารแปรรูป และผักสด พร้อมทั้งสงสัยว่าแม่ของตนเป็นมะเร็งได้อย่างไร,0.85,
c0413,คนรู้จักกินสเต็กเนื้อสุกๆดิบๆ บ่อยเป็นมะเร็งลำไส้ อีกคนญาติใกล้ชิดชอบสังสรรค์ดื่มเหล้า มะเร็งตับ อีกคนเจ้าของตึกที่เช่ามะเร็งปอด น่าจะเกี่ยวกับอากาศ p.m2.5,155,personal_story,raw_undercooked|alcohol|pollution,raw_undercooked,กินสเต็กเนื้อสุกๆดิบๆ | ดื่มเหล้า | อากาศ p.m2.5,friend,multiple,none_mentioned,not_stated,เล่าเคสคนรู้จักหลายคนที่เป็นมะเร็ง ได้แก่ คนกินเนื้อสุกๆ ดิบๆ เป็นมะเร็งลำไส้ ญาติดื่มเหล้าเป็นมะเร็งตับ และเจ้าของตึกเป็นมะเร็งปอดซึ่งคาดว่าเกี่ยวกับ PM2.5,0.95,
c0414,[ชื่อ] กินน้ำน้อย ระวัง,23,risk_opinion,other_risk,other_risk,กินน้ำน้อย,friend,not_stated,none_mentioned,not_stated,ผู้แสดงความเห็นแท็กเตือนเรื่องการดื่มน้ำน้อยว่าอาจเป็นความเสี่ยง,0.82,
c0415,ปรับตัวก่อนจะสาย,16,advice_info,none_mentioned,none_mentioned,,general,not_stated,none_mentioned,not_stated,ผู้แสดงความคิดเห็นแนะนำเชิงเตือนสติให้ปรับตัวหรือปรับพฤติกรรมก่อนที่จะสายเกินไป โดยไม่ได้ระบุพฤติกรรมเสี่ยงหรือโรคที่ชัดเจน,0.65,too_short_to_judge
c0416,"เครียด นอนดึก ไม่กินผัก เวลาเป็นประจำเดือนจะปวดท้อง
#มะเร็งรังไข่
ค่ะ",69,risk_opinion,stress|poor_sleep|low_veg_fibre,stress,เครียด | นอนดึก | ไม่กินผัก,self,ovary,none_mentioned,not_stated,ผู้แสดงความคิดเห็นระบุพฤติกรรมเสี่ยง ได้แก่ ความเครียด การนอนดึก และไม่กินผัก ร่วมกับอาการปวดประจำเดือน โดยติดแฮชแท็กมะเร็งรังไข่,0.85,
c0417,สุภาภรณ์ โคตมุงคุณอาหารแปรรูป,29,risk_opinion,processed_meat,processed_meat,อาหารแปรรูป,general,not_stated,none_mentioned,not_stated,ผู้แสดงความคิดเห็นระบุว่าอาหารแปรรูปเป็นพฤติกรรมเสี่ยงที่ทำให้เกิดมะเร็ง,0.85,
c0418,หมั่นสูดหายใจลึกๆบ้างดื่มน้ำให้เพียงพอ พักผ่อนให้มากๆ ออกไปยืนรับแสงแดดตอนเช้า ให้เหงื่อซึมๆ เดินเท้าเปล่าย่ำดินบ้างก็ดีนะครับชีวิต,131,advice_info,none_mentioned,none_mentioned,,general,not_stated,none_mentioned,not_stated,ผู้แสดงความคิดเห็นให้คำแนะนำทั่วไปในการดูแลสุขภาพ เช่น สูดหายใจลึก ดื่มน้ำให้เพียงพอ พักผ่อน รับแดดยามเช้า และเดินเท้าเปล่าย่ำดิน,0.95,
c0419,เครียด ทานอาหารสุขภาพ ออกกำลังกาย เครึยด ไม่เคยดื่มแอลกอฮอล์ ทานเนืัอสัตว์น้อยมาก เครียด ทานโปรตีนสร้างกล้ามเนื้อเยอะมาก รับวิตามิยงนดรืป ทุกสัปดาห์ติดต่อกันหลายเดือน,166,risk_opinion,stress|hormones_meds|other_risk,stress,เครียด | เครึยด | เครียด | ทานโปรตีนสร้างกล้ามเนื้อเยอะมาก | รับวิตามิยงนดรืป ทุกสัปดาห์ติดต่อกันหลายเดือน,unclear,not_stated,none_mentioned,not_stated,ผู้แสดงความคิดเห็นระบุถึงความเครียดเป็นหลัก พร้อมพฤติกรรมทานโปรตีนสร้างกล้ามเนื้อปริมาณมาก และการดริปวิตามินต่อเนื่อง แม้จะมีพฤติกรรมสุขภาพด้านอื่นที่ดี,0.85,
c0420,ยายผ้อมผมบ่อยมาก จะเกี่ยวไหมคะ,30,risk_opinion,chemicals,chemicals,ผ้อมผมบ่อยมาก,family,not_stated,none_mentioned,not_stated,ผู้แสดงความเห็นสอบถามว่าการที่ยายย้อมผมบ่อยมากจะเกี่ยวข้องกับความเสี่ยงมะเร็งหรือไม่,0.85,
c0422,,207,risk_opinion,alcohol|poor_sleep|overwork|smoking|recreational_drugs|stress|unhealthy_diet_general|no_exercise|infection,alcohol,ดื่มแอลฯหนัก | พักผ่อนน้อย | ทำงานหนัก | ดูดบุหรี่ | ดูดกัญชา | เครียด | กินอาหารไม่มีประโยชน์ | ไม่ออกกำลังกาย | ไวรัสตับอักเสบบี,self,liver,diet_lifestyle,not_stated,ผู้แสดงความคิดเห็นเล่าพฤติกรรมเสี่ยงของตนเอง ทั้งดื่มแอลกอฮอล์ พักผ่อนน้อย ทำงานหนัก สูบบุหรี่ เสพกัญชา เครียด ทานอาหารไม่มีประโยชน์ ไม่ออกกำลังกาย และติดเชื้อไวรัสตับอักเสบบี ซึ่งแพทย์เตือนว่าเสี่ยงเป็นมะเร็งตับ ปัจจุบันได้ปรับเปลี่ยนพฤติกรรมแล้ว,0.85,
c0423,ชอบกินมาม่าอ่าน,15,risk_opinion,processed_meat,processed_meat,ชอบกินมาม่า,self,not_stated,none_mentioned,not_stated,ผู้แสดงความคิดเห็นระบุว่าชอบรับประทานบะหมี่กึ่งสำเร็จรูป (มาม่า),0.8,
c0425,"ปรับการกินละ ออกกำลังกายละ‘
เหลือการดื่มเหล้า พยายามเบาลงละ",59,risk_opinion,alcohol,alcohol,ดื่มเหล้า,self,not_stated,diet_lifestyle,not_stated,ผู้แสดงความคิดเห็นระบุว่าตนเองปรับเรื่องอาหารและออกกำลังกายแล้ว เหลือพฤติกรรมการดื่มเหล้าที่กำลังพยายามลดลง,0.85,
c0426,ส่วนใหญ่มาจากความเครียดทั้งนั้นเลย,34,risk_opinion,stress,stress,ความเครียด,general,not_stated,none_mentioned,not_stated,ผู้แสดงความคิดเห็นระบุว่าสาเหตุส่วนใหญ่มาจากความเครียด,0.95,
c0429,"ไม่สูบบุหรี่
นานๆทีไปเที่ยวกลางคืน
แต่อยู่ที่มลพิษเยอะ ไม่ชอบใส่หน้ากากในเมืองกรุง
รู้ตัวอีกที มะเร็งปอดระยะ 4 ละครับ
ค่อยๆรักษาไป",130,personal_story,pollution,pollution,อยู่ที่มลพิษเยอะ ไม่ชอบใส่หน้ากากในเมืองกรุง,self,lung,none_mentioned,in_treatment,ผู้แสดงความคิดเห็นเล่าว่าตนเองไม่ได้สูบบุหรี่ แต่อาศัยอยู่ในพื้นที่มลพิษเยอะและไม่ชอบใส่หน้ากาก จนกระทั่งตรวจพบว่าเป็นมะเร็งปอดระยะที่ 4 และกำลังรักษาตัวอยู่,0.95,
c0430,เครียด กินปลาร้า ของปิ้งย่าฃ อาหารค้างคืน ดื่มแอลกอฮอล,54,risk_opinion,stress|fermented_pickled|grilled_charred|reheated_leftover|alcohol,stress,เครียด | กินปลาร้า | ของปิ้งย่าฃ | อาหารค้างคืน | ดื่มแอลกอฮอล,general,not_stated,none_mentioned,not_stated,ผู้แสดงความคิดเห็นระบุพฤติกรรมเสี่ยง ได้แก่ ความเครียด การกินปลาร้า ของปิ้งย่าง อาหารค้างคืน และการดื่มแอลกอฮอล์,0.95,
c0432,"เค้าติดทุกอัน เพราะ
1= เครียด",29,risk_opinion,stress,stress,เครียด,self,not_stated,none_mentioned,not_stated,ผู้แสดงความคิดเห็นระบุว่าตนเองมีพฤติกรรมเสี่ยงทุกข้อ โดยระบุถึงความเครียด,0.88,
c0433,โรคอ้วยด้วยดุ้ยดุ่ยกลุ่มเสีย่ง,30,risk_opinion,overweight,overweight,โรคอ้วย,general,not_stated,none_mentioned,not_stated,ผู้แสดงความคิดเห็นระบุว่าโรคอ้วนเป็นกลุ่มเสี่ยงต่อการเกิดโรค โดยมีการใช้คำพิมพ์เล่นหรือคำสร้อย,0.82,
c0434,,290,personal_story,processed_meat|infection|raw_undercooked|fermented_pickled|strong_flavour,processed_meat,กินไส้กรอกชีท | ไวรัส h.pylori | ของสุกๆดิบๆ | ก้อย | ซอยจุ๊ | ยำกุ้งเต้น | แซลมอน | แจ่วปลาร้า | ติดกินแซ่บเกิน,friend,colorectal,screening_checkup,remission,คนรู้จักของผู้แสดงความคิดเห็นเพิ่งหายจากมะเร็งลำไส้โดยมีพฤติกรรมชอบกินไส้กรอกเป็นประจำ ส่วนตัวผู้แสดงความคิดเห็นเคยติดเชื้อ H. pylori จากพฤติกรรมชอบกินของสุกๆ ดิบๆ และรสจัด,0.92,
c0435,ไม่ตกใจหรอกครับ 1 ใน 3 ต้องมีคนเป็นมะเร็ง ต่อให้ดูแลสุขภาพดีแค่ไหน ก็ตาม,72,risk_opinion,none_mentioned,none_mentioned,,general,unspecified,none_mentioned,not_stated,ผู้แสดงความคิดเห็นมองว่าเป็นเรื่องปกติที่ 1 ใน 3 ของคนจะต้องเป็นมะเร็ง แม้จะดูแลสุขภาพดีเพียงใดก็ตาม โดยไม่ได้ระบุพฤติกรรมเสี่ยงเฉพาะเจาะจง,0.85,
c0437,อ่านคอมเม้น อย่ากินไส้กรอกเยอะ,30,advice_info,processed_meat,processed_meat,กินไส้กรอกเยอะ,general,not_stated,none_mentioned,not_stated,ผู้แสดงความคิดเห็นสรุปจากการอ่านคอมเมนต์อื่น ๆ และแนะนำว่าอย่ารับประทานไส้กรอกในปริมาณมาก,0.85,
c0438,"ทำงานเยอะ พักผ่อนน้อยวันละ 4-5 ชม
จะว่าทำงานตลอดเวลา จนนอน
ไม่สูบ ไม่ดื่ม",73,risk_opinion,overwork|poor_sleep,overwork,ทำงานเยอะ | พักผ่อนน้อยวันละ 4-5 ชม | ทำงานตลอดเวลา,self,not_stated,none_mentioned,not_stated,ระบุพฤติกรรมเสี่ยงจากการทำงานหนัก ทำงานตลอดเวลา และพักผ่อนน้อยเพียง 4-5 ชั่วโมงต่อวัน โดยระบุว่าตนเองไม่สูบบุหรี่และไม่ดื่มแอลกอฮอล์,0.85,
c0442,ภวินท์ สุขอยู่ มาอ่านคอมเม้น นอนน้อย พักผ่อนไม่เพียงพอ,54,risk_opinion,poor_sleep|overwork,poor_sleep,นอนน้อย | พักผ่อนไม่เพียงพอ,general,not_stated,none_mentioned,not_stated,ผู้แสดงความเห็นแท็กผู้อื่นและระบุพฤติกรรมเสี่ยงว่านอนน้อยและพักผ่อนไม่เพียงพอ,0.85,
c0443,[ชื่อ] [ชื่อ] อาหารแปรรูป ไส้กรอกสารพัด ความเครียด มาม่า,56,risk_opinion,processed_meat|stress,processed_meat,อาหารแปรรูป | ไส้กรอกสารพัด | ความเครียด | มาม่า,general,not_stated,none_mentioned,not_stated,ผู้แสดงความคิดเห็นระบุถึงอาหารแปรรูป ไส้กรอก ความเครียด และบะหมี่กึ่งสำเร็จรูป (มาม่า) ว่าเป็นพฤติกรรมเสี่ยง,0.95,
c0447,,744,personal_story,stress,stress,เครียดเพราะงาน | ความเครียด,self,breast,screening_checkup|sought_care_prompt|advice_to_others,remission,ผู้แสดงความคิดเห็นเล่าประสบการณ์ตรวจพบมะเร็งเต้านมตอนอายุ 31 ปี แม้จะดูแลสุขภาพ ออกกำลังกาย ไม่พบยีนมะเร็ง แต่มีเครียดจากงานบ้าง และแนะนำให้ตรวจสุขภาพสม่ำเสมอเพื่อรับการรักษาได้ทันท่วงที,0.88,
c0450,กินของเวฟใน 7-11 บ่อยมากค่ะ,27,risk_opinion,reheated_leftover,reheated_leftover,กินของเวฟใน 7-11 บ่อยมาก,self,not_stated,none_mentioned,not_stated,ผู้แสดงความเห็นระบุว่าตนเองกินอาหารอุ่นเวฟใน 7-11 บ่อยมาก ซึ่งเป็นพฤติกรรมเสี่ยงเกี่ยวกับอาหารค้างคืน/เข้าเวฟ,0.9,
c0451,[ชื่อ] นอนไวและหลีกเลี่ยงอาหารแปรรูป อาหารเวฟกันเถอะค่ะ,55,advice_info,none_mentioned,none_mentioned,,general,not_stated,none_mentioned,not_stated,ผู้แสดงความคิดเห็นแนะนำและชวนให้ทุกคนนอนแต่หัวค่ำ รวมถึงหลีกเลี่ยงอาหารแปรรูปและอาหารเวฟ,0.85,
c0452,สูบwyสุขภาพเเขงแรง,18,risk_opinion,smoking,smoking,สูบwy,general,not_stated,none_mentioned,not_stated,ผู้แสดงความเห็นระบุในเชิงประชดหรือล้อเลียนว่าสูบแล้วสุขภาพแข็งแรง โดยไม่ได้ระบุเคสหรือชนิดมะเร็ง,0.6,sarcasm_or_joke|ambiguous
c0455,,373,personal_story,unhealthy_diet_general|chemicals|poor_sleep|other_risk|genetic_family,poor_sleep,ไม่เลือกกิน | สารพิษ | ทำงานกลางคืนนอนนดึก | ภูมิคุ้มกันบกพร่องโดยกำเนิด | กรรมพันธุ์,self,unspecified,chemotherapy|radiotherapy,remission,ผู้โพสต์เล่าประสบการณ์ตนเองที่ป่วยเป็นมะเร็งระยะที่สาม ระบุพฤติกรรมทำงานกลางคืนนอนดึก ไม่เลือกกิน และแพทย์สรุปสาเหตุจากภูมิคุ้มกันบกพร่องและกรรมพันธุ์ โดยรักษาด้วยคีโมและรังสีจนฟื้นตัว,0.88,
c0456,กินน้ำน้อย,10,risk_opinion,other_risk,other_risk,กินน้ำน้อย,general,not_stated,none_mentioned,not_stated,ระบุว่าการกินน้ำน้อยหรือดื่มน้ำน้อยเป็นพฤติกรรมเสี่ยง,0.88,
c0457,[ชื่อ]เทอมาอ่านเบิ่ง เคียด นอนน้อย ปจด มาไม่ ตรง ไปตรวจสุขภาพร่างกายบ่,70,risk_opinion,stress|poor_sleep|other_risk,stress,เคียด | นอนน้อย | ปจด มาไม่ ตรง,friend,not_stated,advice_to_others,not_stated,ผู้โพสต์แท็กเพื่อนให้อ่านข้อมูล ระบุพฤติกรรมความเครียด นอนน้อย ประจำเดือนมาไม่ตรงเวลา และชวนให้ไปตรวจสุขภาพ,0.85,
c0458,แม่เราตอนนั้นอายุ 56 ปี ไม่กินนม ไม่กินขนมปัง ไม่ดื่มเหล้า ไม่สูบบุหรี่ ไม่กินใส้กรอก ไม่กินมาม่า ไม่กินปลากระป๋อง เป็นมะเร็งเต้านม,131,personal_story,none_mentioned,none_mentioned,,family,breast,none_mentioned,not_stated,แม่ของผู้แสดงความเห็นเป็นมะเร็งเต้านมตอนอายุ 56 ปี โดยระบุว่าไม่ได้มีพฤติกรรมเสี่ยง เช่น ไม่ดื่มเหล้า ไม่สูบบุหรี่ หรือกินอาหารแปรรูป,0.95,
c0459,"ปวดท้องประจำเดือนหนักๆทุกเดือนตั้งแต่เด็กๆ มาไม่ตรงเดือน มาทีแบบน้ำไหลเป็นก๊อก 5-7วันหาย สุดท้ายไปตรวจเจอมะเร็งเยื่อโพรงมดลูกค่ะ ชนิดนี้ถ้าไม่ขูดมดลูกตรวจ
จะไม่รู้ได้เลยว่าเป็น",176,personal_story,none_mentioned,none_mentioned,,self,uterus,screening_checkup,not_stated,ผู้เขียนเล่าประสบการณ์ส่วนตัวว่ามีอาการปวดประจำเดือนรุนแรงและมาไม่ปกติมาตั้งแต่เด็ก เมื่อไปตรวจจึงพบว่าเป็นมะเร็งเยื่อบุโพรงมดลูก,0.92,
c0461,มาม่า อาหารแปรรูป ไส้กรอก ลูกชิ้น ของโปรดป๊าเลย,47,risk_opinion,processed_meat,processed_meat,มาม่า | อาหารแปรรูป | ไส้กรอก | ลูกชิ้น,family,not_stated,none_mentioned,not_stated,ระบุว่าอาหารแปรรูป เช่น มาม่า ไส้กรอก และลูกชิ้น เป็นของโปรดของพ่อ,0.9,
c0462,เครียด พักผ่อนน้อย,18,risk_opinion,stress|overwork,stress,เครียด | พักผ่อนน้อย,general,not_stated,none_mentioned,not_stated,ผู้แสดงความคิดเห็นระบุว่าความเครียดและการพักผ่อนน้อยเป็นพฤติกรรมเสี่ยงต่อการเกิดมะเร็ง,0.9,
c0463,"นอกเหนือจากดูแลสุขภาพ ที่เราพูดกันไปแล้ว ก็คือ อย่าพยายามฆ่าสัตว์ โดยไม่จำเป็นจริงๆ กรรม มันสะท้อนกลับมาที่ตัวเราด้วยนะครับ
เมตตาสัตว์ ชีวิต ผู้คน ด้วย",151,advice_info,other_risk,other_risk,ฆ่าสัตว์ | กรรม,general,not_stated,none_mentioned,not_stated,ผู้แสดงความคิดเห็นแนะนำเรื่องผลแห่งกรรมและการไม่ฆ่าสัตว์ มีเมตตาต่อชีวิตและผู้คนนอกเหนือจากการดูแลสุขภาพทั่วไป,0.85,
c0465,ศึกษาไว้ จะได้ไม่เสี่ยงนะคะ,27,advice_info,none_mentioned,none_mentioned,,general,not_stated,none_mentioned,not_stated,ผู้แสดงความคิดเห็นแนะนำให้ศึกษาข้อมูลไว้เพื่อจะได้ไม่เสี่ยงต่อการเกิดโรค,0.85,
c0466,เลิกให้ลูกกินไส้กรอกได้มั้ยป๊า,30,risk_opinion,processed_meat,processed_meat,ไส้กรอก,family,not_stated,none_mentioned,not_stated,ผู้แสดงความคิดเห็นขอให้พ่อหรือสามีหยุดให้ลูกกินไส้กรอก,0.85,
c0469,เครียด นอนน้อย ชอบกินลูกชิ้น ใส้กรอก ของแปรรูปค่ะ แต่ไม่รู้ว่าทำผมบ่อยเกี่ยวไม๊ แต่เคมีแหละค่ะ ไม่มีกรรมพันธุ์เป็นมะเร็งเลยค่ะ แทบจะทั้งตะกูล เป็นคนเดียวค่ะ,156,personal_story,stress|poor_sleep|processed_meat|chemicals,stress,เครียด | นอนน้อย | ลูกชิ้น | ใส้กรอก | ของแปรรูป | ทำผมบ่อย | เคมี,self,unspecified,none_mentioned,not_stated,ผู้แสดงความเห็นเล่าว่าตนเองเป็นมะเร็งเพียงคนเดียวในครอบครัวโดยไม่มีประวัติกรรมพันธุ์ โดยระบุพฤติกรรมเสี่ยงว่าเครียด นอนน้อย ชอบกินลูกชิ้น ไส้กรอก อาหารแปรรูป และทำผมบ่อยซึ่งสัมผัสสารเคมี,0.92,
c0472,กินเบียร์ทุกวันเป็นเวลาเกินสิบปี มีเรื่องเครียดก่อนตรวจพบสองเดือน เป็นที่ตับและตับอ่อนครับ,90,personal_story,alcohol|stress,alcohol,กินเบียร์ทุกวันเป็นเวลาเกินสิบปี | มีเรื่องเครียด,self,multiple,none_mentioned,not_stated,ผู้แสดงความเห็นเล่าว่าดื่มเบียร์ทุกวันนานกว่าสิบปีและมีเรื่องเครียดก่อนตรวจพบมะเร็งที่ตับและตับอ่อน,0.95,
c0473,"อาหารแปรรูปทุกชนิด น้ำตาลแปรรูป ของหมักดอง
ไส้กรอก กุนเชียง เหล้า สารกระตุ้นการเกิดมะเร็ง ทั้งนั้น",98,risk_opinion,processed_meat|sugary_drinks|fermented_pickled|alcohol,processed_meat,อาหารแปรรูปทุกชนิด | น้ำตาลแปรรูป | ของหมักดอง | ไส้กรอก | กุนเชียง | เหล้า,general,not_stated,none_mentioned,not_stated,ผู้แสดงความคิดเห็นระบุพฤติกรรมและความเสี่ยงที่เชื่อว่าก่อให้เกิดมะเร็ง ได้แก่ อาหารแปรรูป น้ำตาลแปรรูป ของหมักดอง ไส้กรอก กุนเชียง และเครื่องดื่มแอลกอฮอล์,0.95,
c0477,นอนดึก ดื่มเครื่องดื่มแอลกอฮอร์เกือบทุกวัน กินแล้วก็นอนเลย กินของดิบโดยเฉพาะแหนมดิบ กินไส้กรอกแดง กินของปิ้งย่าง กินของดอง ทุกอย่างที่พิมพ์มา ทำเกือบทุกวัน ละก่อนตรวจเจอมะเร็ง เป็นโควิทด้วย,189,personal_story,poor_sleep|alcohol|irregular_meals|raw_undercooked|processed_meat|grilled_charred|fermented_pickled,poor_sleep,นอนดึก | ดื่มเครื่องดื่มแอลกอฮอร์เกือบทุกวัน | กินแล้วก็นอนเลย | กินของดิบโดยเฉพาะแหนมดิบ | กินไส้กรอกแดง | กินของปิ้งย่าง | กินของดอง,self,unspecified,screening_checkup,not_stated,ผู้แสดงความคิดเห็นเล่าพฤติกรรมเสี่ยงของตนเอง ได้แก่ นอนดึก ดื่มแอลกอฮอล์ กินแล้วนอน กินของดิบ ไส้กรอก ปิ้งย่าง และของดองเกือบทุกวัน ก่อนจะตรวจพบว่าเป็นมะเร็ง,0.9,
c0479,ออกกำลังกายบ้าง กินอาหารคลีนประจำ นอนไม่เป็นเวลา (ทำงานกะเช้าสลับเย็น) คิดว่ามะเร็งอยู่กับเรามานานแล้วแต่มาโป๊ะแตกตอนทำงานเข้ากะพอดีค่ะ,135,personal_story,poor_sleep|overwork,poor_sleep,นอนไม่เป็นเวลา | ทำงานกะเช้าสลับเย็น | ทำงานเข้ากะ,self,unspecified,none_mentioned,not_stated,ผู้แสดงความคิดเห็นเล่าว่าตนเองเป็นมะเร็ง โดยมีพฤติกรรมนอนไม่เป็นเวลาจากการทำงานเข้ากะ แม้จะออกกำลังกายและกินอาหารคลีนประจำ,0.9,
c0480,กินอาหารที่มีประโยชน์,21,advice_info,none_mentioned,none_mentioned,,general,not_stated,none_mentioned,not_stated,ผู้แสดงความคิดเห็นแนะนำให้รับประทานอาหารที่มีประโยชน์ ไม่ได้ระบุพฤติกรรมเสี่ยงหรือผู้ป่วยเจาะจง,0.85,
c0481,ดื่ม สูบ เที่ยว นอนน้อย มาเลย,29,risk_opinion,alcohol|smoking|other_risk|poor_sleep,alcohol,ดื่ม | สูบ | เที่ยว | นอนน้อย,general,not_stated,none_mentioned,not_stated,ผู้แสดงความคิดเห็นระบุพฤติกรรมเสี่ยง ได้แก่ การดื่มแอลกอฮอล์ สูบบุหรี่ เที่ยว และนอนน้อย,0.85,
c0485,ดวงชะตา ฟ้าลิขิตมา... คนสูบบุหรี่บางคนก้อไม่เปน คนไม่สุบเปน ยกตัวอย่าง,70,risk_opinion,other_risk,other_risk,ดวงชะตา ฟ้าลิขิตมา,general,not_stated,none_mentioned,not_stated,ผู้แสดงความคิดเห็นมองว่าการเป็นมะเร็งขึ้นอยู่กับดวงชะตาและฟ้าลิขิต โดยยกตัวอย่างว่าคนสูบบุหรี่บางคนไม่เป็น แต่คนไม่สูบกลับเป็น,0.75,
c0487,"บางคนกินเละเทะ สูบบุหรี่ กินเหล้า ยังอายุ90กว่าเลยครับ มันแล้วแต่ร่างกายคนเรา
แต่เราก็ไม่ควรประมาท ใช้ชีวิตให้สุขภาพดีที่สุดเท่าที่ทำได้ก็พอ ทำได้แค่ไหนก็แค่นั้น แล้วอะไรจะเกิดก็แล้วแต่ชะตาแล้ว",193,risk_opinion,unhealthy_diet_general|smoking|alcohol,unhealthy_diet_general,กินเละเทะ | สูบบุหรี่ | กินเหล้า,general,not_stated,none_mentioned,not_stated,ผู้แสดงความเห็นระบุว่าบางคนกินเละเทะ สูบบุหรี่ ดื่มเหล้า ก็ยังมีอายุยืนได้ขึ้นอยู่กับร่างกายของแต่ละคน แต่เห็นว่าไม่ควรประมาทและควรดูแลสุขภาพให้ดีที่สุดเท่าที่ทำได้,0.85,
c0488,นอน 3 ทุ่ม ตื่น ตี5 ไม่กินเหล้า ไม่สูบบุหรี่ วิ่งวันละ 5 โล ถึง 10 โล ชอบกินผัก เป็นมะเร็งเม็ดเลือดขาว เฉย,106,personal_story,none_mentioned,none_mentioned,,self,leukemia,none_mentioned,not_stated,ผู้แสดงความคิดเห็นเล่าว่าตนเองมีพฤติกรรมสุขภาพดี นอนแต่หัวค่ำ ออกกำลังกาย ไม่ดื่มเหล้าสูบบุหรี่ และชอบกินผัก แต่กลับเป็นมะเร็งเม็ดเลือดขาว,0.95,
c0489,,259,personal_story,no_exercise|poor_sleep|overwork|stress|sugary_drinks|genetic_family,no_exercise,ไม่ออกกำลังกาย | นอนดึก | พักผ่อนน้อย | วิตกกังวลง่าย | เครียดง่าย | ดื่มน้ำอัดลม | กาแฟ | ตรวจยีนส์เป็น BRCA1 mutation มีเครือญาติเป็นมะเร็งเต้านม มะเร็งปอด,self,breast,screening_checkup,not_stated,ผู้เขียนเล่าเคสตัวเองอายุ 40 ปี เป็นมะเร็งเต้านมชนิด triple negative ตรวจพบยีน BRCA1 mutation และมีประวัติญาติเป็นมะเร็ง โดยระบุพฤติกรรมเสี่ยงเช่น ไม่ออกกำลังกาย นอนดึก พักผ่อนน้อย วิตกกังวลง่าย เครียด ดื่มน้ำอัดลมและกาแฟ,0.95,
c0493,เครียด นอนดึก ดมแต่ควันบุหรี่ ควันพอต ควันกัญชา มือ2 เฮ้อ....,61,risk_opinion,stress|poor_sleep|smoking|recreational_drugs,stress,เครียด | นอนดึก | ดมแต่ควันบุหรี่ ควันพอต ควันกัญชา มือ2,self,not_stated,none_mentioned,not_stated,ผู้แสดงความคิดเห็นระบุพฤติกรรมเสี่ยงคือความเครียด การนอนดึก และการได้รับควันบุหรี่ บุหรี่ไฟฟ้า รวมถึงควันกัญชามือสอง,0.9,
c0497,กินปิ้งย่าง นอนน้อย ทำงานเยอะ และเครียดสะสมค่ะ,46,risk_opinion,grilled_charred|poor_sleep|overwork|stress,grilled_charred,กินปิ้งย่าง | นอนน้อย | ทำงานเยอะ | เครียดสะสม,general,not_stated,none_mentioned,not_stated,ผู้แสดงความคิดเห็นระบุว่าการกินปิ้งย่าง นอนน้อย ทำงานเยอะ และมีความเครียดสะสม เป็นพฤติกรรมเสี่ยงมะเร็ง,0.95,
c0500,,256,personal_story,stress,stress,ความเครียด | เครียด,family,unspecified,herbal_traditional|supplement_alternative,not_stated,ผู้แสดงความเห็นเชื่อว่ามะเร็งเกิดจากความเครียด เล่าว่าพ่อเครียดจนเป็นมะเร็ง ส่วนตนเองเครียดจนอ่อนแอและหันมาใช้น้ำมันกัญชา,0.85,
c0501,สูบบุหรี่วันละ2ซอง วันไหนดูดม้า3ซองก็ไม่พอ,42,risk_opinion,smoking|recreational_drugs,smoking,สูบบุหรี่วันละ2ซอง | ดูดม้า3ซองก็ไม่พอ,self,not_stated,none_mentioned,not_stated,ผู้แสดงความคิดเห็นระบุพฤติกรรมการสูบบุหรี่วันละ 2 ซอง และการเสพยาบ้า,0.92,
c0504,มาม่าเพลาๆหน่อย,15,risk_opinion,processed_meat,processed_meat,มาม่า,general,not_stated,none_mentioned,not_stated,ผู้แสดงความคิดเห็นเตือนให้ลดการบริโภคบะหมี่กึ่งสำเร็จรูป (มาม่า) ซึ่งสื่อถึงพฤติกรรมเสี่ยงด้านอาหารแปรรูป,0.85,
c0506,[ชื่อ] หลักๆ เครียด อาหารแปรรูป พักผ่อนน้อย,43,risk_opinion,stress|processed_meat|overwork,stress,เครียด | อาหารแปรรูป | พักผ่อนน้อย,general,not_stated,none_mentioned,not_stated,ผู้แสดงความคิดเห็นระบุว่าปัจจัยเสี่ยงหลักคือความเครียด อาหารแปรรูป และการพักผ่อนน้อย,0.95,
c0510,ชีวิตประจำวันก็มีส่วน อาหารตามร้านส่วนมากไม่ค่อยสอาด ผักไม่ค่อยล้าง,67,risk_opinion,chemicals|unhealthy_diet_general,chemicals,อาหารตามร้านส่วนมากไม่ค่อยสอาด | ผักไม่ค่อยล้าง,general,not_stated,none_mentioned,not_stated,ผู้แสดงความคิดเห็นระบุว่าการใช้ชีวิตประจำวันมีส่วน โดยอาหารตามร้านส่วนใหญ่ไม่สะอาดและผักไม่ค่อยล้าง,0.75,
c0511,,213,personal_story,other_risk,other_risk,ให้นมลูกข้างเดียวเพราะอีกข้างให้ไม่ถนัด | ปล่อยให้คัดจนหายไปเอง | ท่อน้ำนมอุดตันเป็นก้อน,family,breast,screening_checkup,not_stated,แม่ของผู้แสดงความคิดเห็นได้รับการวินิจฉัยเป็นมะเร็งเต้านม โดยระบุว่าแพทย์สันนิษฐานว่าเกิดจากภาวะท่อน้ำนมอุดตันสะสมจากการให้นมลูกข้างเดียวเมื่อ 20 ปีก่อน,0.92,medical_misinformation
c0512,,534,personal_story,processed_meat|poor_sleep|stress|smoking,processed_meat,กินอาหารแปรรูป | นอนดึกบ้าง | จริงจังกับการใช้ชีวิต | เจอควันบุหรี่มือสอง,self,kidney,surgery|faith_spiritual|diet_lifestyle|financial_access_issue,remission,ผู้แสดงความคิดเห็นเล่าว่าตนเองตรวจเจอก้อนที่ไตโดยบังเอิญขณะจะผ่าตัดนิ่ว ได้รับการผ่าตัดรักษาแล้วและอยู่ระหว่างติดตามอาการ ระบุพฤติกรรมเสี่ยงเดิมคือทานอาหารแปรรูป นอนดึก จริงจังกับการใช้ชีวิต และได้รับควันบุหรี่มือสอง,0.92,
c0514,พักผ่อนเยอะๆ,12,advice_info,none_mentioned,none_mentioned,,general,not_stated,none_mentioned,not_stated,ผู้แสดงความคิดเห็นแนะนำให้พักผ่อนมาก ๆ ไม่ได้ระบุพฤติกรรมเสี่ยงหรือชนิดมะเร็ง,0.75,too_short_to_judge
c0516,,224,personal_story,processed_meat|sugary_drinks|stress|overwork|poor_sleep,processed_meat,ชอบกินอาหารสำเร็จรูป | น้ำอัดลม | ความเครียดความกดดันจากที่ทำงาน | พักผ่อนน้อยมาก | ทำงาน 18 ชม,self,unspecified,none_mentioned,not_stated,ผู้แสดงความคิดเห็นเล่าประสบการณ์ตนเองที่ชอบกินอาหารสำเร็จรูป ดื่มน้ำอัดลมแทนน้ำ ร่วมกับมีความเครียดจากการทำงานและทำงานหนักพักผ่อนน้อย จนป่วยเป็นทั้งมะเร็งและ SLE,0.92,
c0517,ผักสด !!,8,risk_opinion,other_risk,other_risk,ผักสด,general,not_stated,none_mentioned,not_stated,ผู้แสดงความคิดเห็นระบุสั้น ๆ เพียงว่าผักสด โดยไม่ได้ระบุรายละเอียดเพิ่มเติม,0.55,too_short_to_judge|ambiguous
c0519,เครียดดดด,9,risk_opinion,stress,stress,เครียดดดด,general,not_stated,none_mentioned,not_stated,ผู้แสดงความคิดเห็นระบุว่าความเครียดเป็นสาเหตุหรือพฤติกรรมเสี่ยงของการเกิดมะเร็ง,0.9,
c0520,เครียด นอนน้อย กินน้ำเปล่าน้อย กินแต่น้ำอัดลม บางครั้งเครียดจุกที่อก ปวดตา ปวดหัว,81,risk_opinion,stress|poor_sleep|sugary_drinks|other_risk,stress,เครียด | นอนน้อย | กินน้ำเปล่าน้อย | กินแต่น้ำอัดลม,self,not_stated,none_mentioned,not_stated,ผู้แสดงความเห็นระบุพฤติกรรมเสี่ยง ได้แก่ ความเครียด การนอนน้อย ดื่มน้ำเปล่าน้อย และดื่มแต่น้ำอัดลม พร้อมระบุอาการทางกายเมื่อเครียด,0.9,
c0522,ห้ามเครียด นอนดึด,17,risk_opinion,stress|poor_sleep,stress,ห้ามเครียด | นอนดึด,general,not_stated,none_mentioned,not_stated,ผู้แสดงความคิดเห็นแนะนำหรือระบุว่าอย่าเครียดและอย่านอนดึก ซึ่งอาจเป็นพฤติกรรมเสี่ยงที่ควรหลีกเลี่ยง,0.82,
c0523,หลังจากที่หายป่วย ผมศึกษาจนได้พบกับคนนี้ที่พูดตรงประเด็นที่สุดแล้ว [ลิงก์],74,advice_info,none_mentioned,none_mentioned,,self,not_stated,advice_to_others,remission,ผู้แสดงความเห็นระบุว่าหลังจากหายป่วยได้ศึกษาข้อมูลและแนะนำคลิปวิดีโอที่เห็นว่าพูดได้ตรงประเด็น,0.75,ambiguous
c0524,[ชื่อ] พักบ้างนะบุฟเฟต์ปิ้งย่างบลาๆๆ,36,risk_opinion,grilled_charred,grilled_charred,บุฟเฟต์ปิ้งย่าง,friend,not_stated,none_mentioned,not_stated,ผู้แสดงความคิดเห็นแท็กเพื่อนและเตือนให้พักหรือลดการกินบุฟเฟต์ปิ้งย่างลงบ้าง,0.82,
c0525,เลิกกินมาม่า,12,advice_info,none_mentioned,none_mentioned,,general,not_stated,none_mentioned,not_stated,ผู้แสดงความคิดเห็นระบุสั้นๆ ให้เลิกกินบะหมี่กึ่งสำเร็จรูป โดยไม่ได้ระบุผู้ป่วยหรือชนิดของมะเร็ง,0.65,too_short_to_judge
c0527,"- ดื่มหนัก ตั้งแต่เย็น ยันเช้าอีกวัน
- ทานของหมักดอง สุกๆ ดิบๆ
- พักผ่อนไม่เพียงพอ",82,risk_opinion,alcohol|fermented_pickled|raw_undercooked|overwork,alcohol,ดื่มหนัก ตั้งแต่เย็น ยันเช้าอีกวัน | ทานของหมักดอง สุกๆ ดิบๆ | พักผ่อนไม่เพียงพอ,general,not_stated,none_mentioned,not_stated,แสดงความคิดเห็นระบุพฤติกรรมเสี่ยง ได้แก่ การดื่มแอลกอฮอล์หนัก การกินของหมักดองและของสุกๆ ดิบๆ รวมถึงการพักผ่อนไม่เพียงพอ,0.9,
c0532,ทำงานที่ียุกับสารพืษทุกวันไม่มีระบบป้องกัน,42,risk_opinion,chemicals,chemicals,ทำงานที่ียุกับสารพืษทุกวันไม่มีระบบป้องกัน,general,not_stated,none_mentioned,not_stated,ระบุว่าการทำงานสัมผัสกับสารพิษทุกวันโดยไม่มีระบบป้องกันเป็นพฤติกรรมหรือปัจจัยเสี่ยง,0.88,
c0535,กินยอดข้าวหมัก ฟังเพลง นอนหลับสนิดตื่นเที่ยง555,47,risk_opinion,alcohol,alcohol,กินยอดข้าวหมัก,self,not_stated,none_mentioned,not_stated,ผู้แสดงความเห็นกล่าวในเชิงขบขันว่าดื่มยอดข้าวหมัก (แอลกอฮอล์) ฟังเพลง และนอนหลับตื่นเที่ยง,0.75,sarcasm_or_joke
c0541,เราจะไม่เคลียด ชั่งแม่งมัน,26,risk_opinion,none_mentioned,none_mentioned,,self,not_stated,none_mentioned,not_stated,ผู้แสดงความคิดเห็นระบุว่าจะไม่เครียดและปล่อยวาง (ชั่งแม่งมัน) เป็นการตั้งใจหลีกเลี่ยงความเครียด,0.85,
c0544,อยู่ที่ร่างกายแต่ลดคนค่ะว่าจะขับสารพิษออกจากร่างกายได้มากหรือน้อย เพราะบางคนกินดื่มหนัก นอนดึก เขาก็ยังไม่เป็นอะไร,114,risk_opinion,alcohol|poor_sleep,alcohol,กินดื่มหนัก | นอนดึก,general,not_stated,none_mentioned,not_stated,ผู้แสดงความคิดเห็นมองว่าขึ้นอยู่กับร่างกายของแต่ละคนในการขับสารพิษ โดยระบุว่าบางคนกินดื่มหนักและนอนดึกแต่ก็ยังไม่เป็นอะไร,0.85,
